epoch,global_step,loss,ce_loss,dice_loss,fg_fraction,background_crop_fraction,foreground_sampler_fraction,lr,val_dice,val_jaccard
1,10,1.6160786151885986,0.80638028383255,0.809698349237442,0.11964522078633308,0.16875,0.5015625,0.001,,
2,20,1.455672299861908,0.6538625299930573,0.8018097519874573,0.11212706044316292,0.178125,0.4875,0.001,,
3,30,1.3658193230628968,0.5667415380477905,0.7990777790546417,0.10962511822581292,0.1734375,0.4578125,0.001,,
4,40,1.2650532007217408,0.5034500420093536,0.7616031527519226,0.12587554156780242,0.175,0.496875,0.001,,
5,50,1.2194846987724304,0.4601444870233536,0.7593402147293091,0.11949250847101212,0.165625,0.4875,0.0009999726120980734,,
6,60,1.1694551467895509,0.42699105143547056,0.7424641072750091,0.12561047300696374,0.1640625,0.525,0.0009999726120980734,,
7,70,1.1101877689361572,0.3919129490852356,0.7182748138904571,0.135466530919075,0.1390625,0.54375,0.0009999726120980734,,
8,80,1.096838104724884,0.3703948676586151,0.72644322514534,0.12547781616449355,0.1578125,0.521875,0.0009999726120980734,,
9,90,1.0877582669258117,0.3442292928695679,0.7435289740562439,0.11459562256932258,0.1796875,0.4921875,0.0009998904513956854,,
10,100,1.0627068042755128,0.3215393781661987,0.741167426109314,0.11293882951140403,0.178125,0.48125,0.0009998904513956854,,
11,110,1.030568653345108,0.30150378346443174,0.7290648639202117,0.11298840269446372,0.1703125,0.503125,0.0009998904513956854,,
12,120,1.003777378797531,0.2893368363380432,0.7144405364990234,0.11860127076506614,0.1625,0.4984375,0.0009998904513956854,,
13,130,1.0017691850662231,0.27727857828140257,0.7244905889034271,0.11355441063642502,0.1515625,0.4828125,0.0009997535269026829,,
14,140,0.9425636172294617,0.25513557344675064,0.6874280273914337,0.1254458025097847,0.153125,0.5359375,0.0009997535269026829,,
15,150,0.9379988670349121,0.25384163558483125,0.6841572225093842,0.12830162346363067,0.159375,0.525,0.0009997535269026829,,
16,160,0.9660419702529908,0.2514598324894905,0.7145821392536164,0.11291316747665406,0.1984375,0.4796875,0.0009997535269026829,,
17,170,0.9426928222179413,0.23834364861249924,0.7043491899967194,0.11717354655265808,0.159375,0.49375,0.0009995618536343797,,
18,180,0.9004486739635468,0.22597970217466354,0.6744689702987671,0.1279793843626976,0.1234375,0.521875,0.0009995618536343797,,
19,190,0.9062201142311096,0.23504509776830673,0.6711750209331513,0.12938007935881615,0.1640625,0.5140625,0.0009995618536343797,,
20,200,0.8980807542800904,0.2078260138630867,0.6902547478675842,0.11340281963348389,0.165625,0.45625,0.0009995618536343797,,
21,210,0.8888469576835633,0.21270381063222885,0.6761431455612182,0.12096071466803551,0.15625,0.5171875,0.0009993154526099096,,
22,220,0.8691911816596984,0.19690579324960708,0.6722853899002075,0.11304781883955002,0.1765625,0.5015625,0.0009993154526099096,,
23,230,0.8449937701225281,0.192226642370224,0.6527671337127685,0.12329163700342179,0.1375,0.509375,0.0009993154526099096,,
24,240,0.8526049852371216,0.1874366208910942,0.6651683688163758,0.12226823791861534,0.1515625,0.528125,0.0009993154526099096,,
25,250,0.9033476293087006,0.19850528985261917,0.704842334985733,0.10577379912137985,0.18125,0.4609375,0.0009990143508499217,,
26,260,0.8773054420948029,0.19490305334329605,0.682402390241623,0.11008113697171211,0.1609375,0.496875,0.0009990143508499217,,
27,270,0.8463067650794983,0.19546544551849365,0.6508413255214691,0.12754092812538148,0.153125,0.4890625,0.0009990143508499217,,
28,280,0.8345080137252807,0.1729739010334015,0.6615341067314148,0.1193533718585968,0.159375,0.4875,0.0009990143508499217,,
29,290,0.8266611814498901,0.1700035497546196,0.6566576302051544,0.11249264851212501,0.1671875,0.4890625,0.0009986585813736167,,
30,300,0.829171645641327,0.1617855906486511,0.6673860549926758,0.11509847566485405,0.16875,0.475,0.0009986585813736167,,
31,310,0.7866764724254608,0.17183016687631608,0.6148463010787963,0.13032276183366776,0.1765625,0.5375,0.0009986585813736167,,
32,320,0.825555270910263,0.16859141886234283,0.656963849067688,0.11938949674367905,0.18125,0.49375,0.0009986585813736167,,
33,330,0.7931028366088867,0.15692919939756395,0.6361736357212067,0.12098612561821938,0.15625,0.51875,0.0009982481831951274,,
34,340,0.7931282699108124,0.1493221066892147,0.6438061594963074,0.11625939011573791,0.1640625,0.509375,0.0009982481831951274,,
35,350,0.7889240443706512,0.16022898852825165,0.6286950647830963,0.12462083250284195,0.1546875,0.515625,0.0009982481831951274,,
36,360,0.7738259553909301,0.15388423949480057,0.6199417293071747,0.12580964714288712,0.1546875,0.5046875,0.0009982481831951274,,
37,370,0.8210497617721557,0.14161833450198175,0.6794314324855805,0.10687753856182099,0.1953125,0.4453125,0.0009977832013192385,,
38,380,0.7903630793094635,0.14123405665159225,0.6491290211677552,0.1129799336194992,0.1625,0.48125,0.0009977832013192385,,
39,390,0.7756260156631469,0.13970123827457429,0.6359247744083405,0.12270432710647583,0.16875,0.4796875,0.0009977832013192385,,
40,400,0.7694752037525177,0.1490584708750248,0.6204167366027832,0.1246468648314476,0.1765625,0.509375,0.0009977832013192385,0.31273834891944513,0.18875612190470464
41,410,0.7724458634853363,0.14437930881977082,0.6280665576457978,0.12397946417331696,0.165625,0.5109375,0.0009972636867364526,,
42,420,0.7678566873073578,0.14537305161356925,0.6224836349487305,0.12767233997583388,0.178125,0.4953125,0.0009972636867364526,,
43,430,0.7634881854057312,0.140454463660717,0.6230337202548981,0.1198788970708847,0.1578125,0.50625,0.0009972636867364526,,
44,440,0.7447672486305237,0.14479540959000586,0.5999718487262726,0.12885405570268632,0.134375,0.5265625,0.0009972636867364526,,
45,450,0.7598660349845886,0.13554271832108497,0.6243233144283294,0.12160955667495728,0.1421875,0.5046875,0.0009966896964173982,,
46,460,0.7441730856895447,0.1427012227475643,0.6014718592166901,0.12307739108800889,0.1515625,0.51875,0.0009966896964173982,,
47,470,0.7900882184505462,0.14232353642582893,0.6477646827697754,0.11484636291861534,0.2015625,0.4796875,0.0009966896964173982,,
48,480,0.7462233126163482,0.13554605916142465,0.6106772482395172,0.12483918890357018,0.1328125,0.5203125,0.0009966896964173982,,
49,490,0.7486947774887085,0.12130581364035606,0.6273889660835266,0.11799627691507339,0.175,0.4796875,0.000996061293306582,,
50,500,0.7580197572708129,0.13862512335181237,0.6193946421146392,0.12300663962960243,0.153125,0.50625,0.000996061293306582,,
51,510,0.7584302306175232,0.13068822771310806,0.6277419984340668,0.11622426435351371,0.18125,0.496875,0.000996061293306582,,
52,520,0.7702970325946807,0.12660233229398726,0.6436946928501129,0.1145231269299984,0.2015625,0.4890625,0.000996061293306582,,
53,530,0.7626092076301575,0.1319903738796711,0.6306188225746154,0.1159660466015339,0.18125,0.4953125,0.0009953785463154864,,
54,540,0.7312236368656159,0.1236231654882431,0.6076004803180695,0.11331064477562905,0.1578125,0.5,0.0009953785463154864,,
55,550,0.7403374910354614,0.1296973221004009,0.6106401741504669,0.12307514771819114,0.1765625,0.5015625,0.0009953785463154864,,
56,560,0.7355125486850739,0.12664118856191636,0.6088713526725769,0.1181295558810234,0.1703125,0.496875,0.0009953785463154864,,
57,570,0.7297588765621186,0.1329787142574787,0.5967801630496978,0.12849245443940163,0.15,0.5203125,0.0009946415303150131,,
58,580,0.7550594568252563,0.14204029515385627,0.6130191683769226,0.1250851958990097,0.153125,0.509375,0.0009946415303150131,,
59,590,0.7436630666255951,0.11824167370796204,0.6254213988780976,0.11167776733636856,0.1765625,0.4828125,0.0009946415303150131,,
60,600,0.7556890964508056,0.12123535722494125,0.6344537436962128,0.11290382668375969,0.165625,0.4765625,0.0009946415303150131,,
61,610,0.7436618208885193,0.13435616642236708,0.6093056559562683,0.1205216370522976,0.16875,0.509375,0.0009938503261272718,,
62,620,0.7203126072883606,0.1221649631857872,0.5981476485729218,0.12464935630559922,0.15625,0.509375,0.0009938503261272718,,
63,630,0.7267308056354522,0.12544105052947999,0.6012897610664367,0.12215675488114357,0.1671875,0.521875,0.0009938503261272718,,
64,640,0.7445051968097687,0.11193879768252372,0.632566386461258,0.11374772787094116,0.1546875,0.4734375,0.0009938503261272718,,
65,650,0.701822179555893,0.1241225428879261,0.5776996374130249,0.12694066762924194,0.1515625,0.528125,0.0009930050205167178,,
66,660,0.7375304162502289,0.11714595556259155,0.6203844666481018,0.11385261192917824,0.1953125,0.48125,0.0009930050205167178,,
67,670,0.7330960392951965,0.11054963394999504,0.6225464046001434,0.11769122406840324,0.1640625,0.4859375,0.0009930050205167178,,
68,680,0.714562612771988,0.1307750217616558,0.5837875962257385,0.13372702822089194,0.1578125,0.5296875,0.0009930050205167178,,
69,690,0.7185536682605743,0.11831120327115059,0.6002424716949463,0.11419254019856453,0.1625,0.5046875,0.0009921057061806368,,
70,700,0.7174826800823212,0.11485599204897881,0.6026266872882843,0.12418872714042664,0.1625,0.5078125,0.0009921057061806368,,
71,710,0.7179043889045715,0.11998203545808792,0.5979223549365997,0.12114830613136292,0.1609375,0.4875,0.0009921057061806368,,
72,720,0.690033209323883,0.12841593995690345,0.5616172730922699,0.13435357213020324,0.153125,0.5640625,0.0009921057061806368,,
73,730,0.6882593095302582,0.10782584697008132,0.5804334580898285,0.12200391963124275,0.1265625,0.5234375,0.0009911524817389807,,
74,740,0.7040118336677551,0.11183417662978172,0.592177665233612,0.12788571491837503,0.16875,0.5,0.0009911524817389807,,
75,750,0.71385378241539,0.11687451675534248,0.59697927236557,0.11760079190135002,0.1734375,0.5125,0.0009911524817389807,,
76,760,0.7015631258487701,0.1199173465371132,0.5816457808017731,0.12189492732286453,0.153125,0.521875,0.0009911524817389807,,
77,770,0.7391139745712281,0.1231938511133194,0.6159201264381409,0.11554627642035484,0.1765625,0.4890625,0.0009901454517235507,,
78,780,0.7245948553085327,0.11448784843087197,0.610107010602951,0.11142552867531777,0.178125,0.4921875,0.0009901454517235507,,
79,790,0.6780698955059051,0.1115768700838089,0.5664930224418641,0.13139000311493873,0.1640625,0.53125,0.0009901454517235507,,
80,800,0.6897987246513366,0.11205885410308838,0.5777398645877838,0.12593533247709274,0.1421875,0.525,0.0009901454517235507,0.379342890462413,0.2388149761928199
81,810,0.6714884221553803,0.11794540286064148,0.5535430133342742,0.13070815280079842,0.1359375,0.553125,0.0009890847265665364,,
82,820,0.6973044216632843,0.11605688109993935,0.5812475383281708,0.12514349147677423,0.14375,0.5015625,0.0009890847265665364,,
83,830,0.7001835882663727,0.11898389235138893,0.581199687719345,0.1241487443447113,0.1484375,0.521875,0.0009890847265665364,,
84,840,0.713203239440918,0.11487830951809883,0.5983249306678772,0.11991676539182664,0.1625,0.5,0.0009890847265665364,,
85,850,0.7223476767539978,0.11112001761794091,0.6112276554107666,0.11541897356510163,0.1765625,0.48125,0.0009879704225884047,,
86,860,0.7390672087669372,0.11655491068959237,0.6225122928619384,0.11978771910071373,0.1796875,0.4703125,0.0009879704225884047,,
87,870,0.6796828866004944,0.1071797825396061,0.5725030958652496,0.12535175830125808,0.1515625,0.5125,0.0009879704225884047,,
88,880,0.7050748467445374,0.1105817474424839,0.5944930970668793,0.11895103976130486,0.15625,0.5015625,0.0009879704225884047,,
89,890,0.7130856096744538,0.11375935226678849,0.5993262588977813,0.11958617866039276,0.178125,0.4875,0.000986802661985144,,
90,900,0.7035479426383973,0.10011221542954445,0.6034357249736786,0.11916765198111534,0.1625,0.4796875,0.000986802661985144,,
91,910,0.7071434259414673,0.11135381683707238,0.5957896053791046,0.12054181322455407,0.1796875,0.4921875,0.000986802661985144,,
92,920,0.6877623200416565,0.10028940811753273,0.5874729037284852,0.11377525925636292,0.1671875,0.5046875,0.000986802661985144,,
93,930,0.7165212869644165,0.10103223845362663,0.6154890418052673,0.11448949202895164,0.1703125,0.459375,0.0009855815728148636,,
94,940,0.7180744588375092,0.1020559810101986,0.6160184860229492,0.10810297355055809,0.1796875,0.4703125,0.0009855815728148636,,
95,950,0.6702023148536682,0.10522391721606254,0.564978402853012,0.12739020958542824,0.1515625,0.5265625,0.0009855815728148636,,
96,960,0.6890042543411254,0.09148477464914322,0.5975194931030273,0.11074592024087906,0.15625,0.4953125,0.0009855815728148636,,
97,970,0.6904090583324433,0.09963914379477501,0.5907699227333069,0.1192832462489605,0.153125,0.4890625,0.0009843072889837517,,
98,980,0.6821171998977661,0.10193932130932808,0.5801778793334961,0.11902565211057663,0.1515625,0.50625,0.0009843072889837517,,
99,990,0.7007452428340912,0.10944163799285889,0.5913036048412323,0.1177191250026226,0.1765625,0.471875,0.0009843072889837517,,
100,1000,0.6769695043563843,0.10290952324867249,0.5740599751472473,0.12479359805583953,0.1671875,0.5265625,0.0009843072889837517,,
101,1010,0.7016405761241913,0.12146252915263175,0.580178040266037,0.1248282290995121,0.16875,0.5078125,0.00098297995023139,,
102,1020,0.6901947796344757,0.1062632106244564,0.5839315593242645,0.12500074356794358,0.1828125,0.5,0.00098297995023139,,
103,1030,0.6916875183582306,0.11252091601490974,0.5791666090488434,0.11925484389066696,0.1546875,0.51875,0.00098297995023139,,
104,1040,0.6768015444278717,0.10442320331931114,0.5723783254623414,0.12466667145490647,0.1703125,0.5203125,0.00098297995023139,,
105,1050,0.6946145594120026,0.10821260809898377,0.5864019513130188,0.12099646553397178,0.15,0.5,0.0009815997021154308,,
106,1060,0.6729012191295624,0.10240965560078621,0.5704915523529053,0.11901680752635002,0.1765625,0.521875,0.0009815997021154308,,
107,1070,0.6607377707958222,0.10239006131887436,0.5583477079868316,0.12387582957744599,0.146875,0.5234375,0.0009815997021154308,,
108,1080,0.6802184581756592,0.10612265318632126,0.5740957915782928,0.12320357039570809,0.1625,0.5078125,0.0009815997021154308,,
109,1090,0.6637332439422607,0.11084301695227623,0.5528902232646942,0.1299889363348484,0.15,0.521875,0.0009801666959956335,,
110,1100,0.6701397657394409,0.10804085955023765,0.5620989084243775,0.12271155193448066,0.1453125,0.5046875,0.0009801666959956335,,
111,1110,0.6795168995857239,0.10729853138327598,0.5722183644771576,0.12220110073685646,0.1578125,0.5140625,0.0009801666959956335,,
112,1120,0.6903773963451385,0.09321080408990383,0.5971665978431702,0.10866586789488793,0.1796875,0.4734375,0.0009801666959956335,,
113,1130,0.6823163390159607,0.09733274877071381,0.5849835872650146,0.10876265391707421,0.1671875,0.4703125,0.000978681089017268,,
114,1140,0.6550520181655883,0.08779305219650269,0.5672589600086212,0.11717404648661614,0.1484375,0.490625,0.000978681089017268,,
115,1150,0.6347932457923889,0.09006742238998414,0.5447258174419403,0.12158364802598953,0.1546875,0.5109375,0.000978681089017268,,
116,1160,0.683017086982727,0.1034340038895607,0.5795830905437469,0.1109287790954113,0.16875,0.4671875,0.000978681089017268,,
117,1170,0.6715130031108856,0.11082050427794457,0.5606924951076507,0.11980877071619034,0.1796875,0.49375,0.0009771430440938809,,
118,1180,0.6539099216461182,0.11783806309103965,0.5360718607902527,0.1244601510465145,0.146875,0.5234375,0.0009771430440938809,,
119,1190,0.6214680075645447,0.0954788863658905,0.5259891271591186,0.11765298396348953,0.178125,0.48125,0.0009771430440938809,,
120,1200,0.599524587392807,0.101786769926548,0.49773781299591063,0.1179753489792347,0.1265625,0.490625,0.0009771430440938809,0.5131444157516767,0.3550947695831149
121,1210,0.5564511120319366,0.11360378414392472,0.44284732937812804,0.1299996480345726,0.1609375,0.540625,0.0009755527298894299,,
122,1220,0.55750752389431,0.1396143577992916,0.4178931713104248,0.11813441589474678,0.19375,0.4921875,0.0009755527298894299,,
123,1230,0.46077848970890045,0.11451615393161774,0.3462623357772827,0.12920058369636536,0.1640625,0.5171875,0.0009755527298894299,,
124,1240,0.378510120511055,0.10318495109677314,0.27532516717910765,0.12150567248463631,0.1421875,0.5171875,0.0009755527298894299,,
125,1250,0.4016688853502274,0.12172418087720871,0.27994470596313475,0.12037951126694679,0.153125,0.4765625,0.0009739103207997887,,
126,1260,0.36459295749664306,0.12161758542060852,0.24297537207603453,0.12897662296891213,0.1453125,0.5296875,0.0009739103207997887,,
127,1270,0.3726543962955475,0.1284957729279995,0.24415862560272217,0.11764650791883469,0.1625,0.4859375,0.0009739103207997887,,
128,1280,0.3849443346261978,0.12744308933615683,0.25750125050544737,0.11701448112726212,0.14375,0.4953125,0.0009739103207997887,,
129,1290,0.31927511990070345,0.12339057326316834,0.19588454365730285,0.12229178249835967,0.1625,0.4734375,0.0009722159969336225,,
130,1300,0.3227363407611847,0.12002884075045586,0.20270749926567078,0.11684071794152259,0.171875,0.5109375,0.0009722159969336225,,
131,1310,0.34850007593631743,0.13020636141300201,0.2182937204837799,0.11470934599637986,0.15,0.496875,0.0009722159969336225,,
132,1320,0.31728151738643645,0.10677277818322181,0.2105087399482727,0.12289278954267502,0.178125,0.521875,0.0009722159969336225,,
133,1330,0.34543809592723845,0.13453638479113578,0.21090171337127686,0.11450257450342179,0.178125,0.484375,0.0009704699440926363,,
134,1340,0.3438980385661125,0.12156066372990608,0.22233737111091614,0.11528108417987823,0.153125,0.5015625,0.0009704699440926363,,
135,1350,0.31575658917427063,0.114916580170393,0.2008400082588196,0.1178017109632492,0.1703125,0.503125,0.0009704699440926363,,
136,1360,0.3485393404960632,0.12360655516386032,0.22493278980255127,0.10587568953633308,0.1796875,0.471875,0.0009704699440926363,,
137,1370,0.3642032235860825,0.13679632693529128,0.22740689516067505,0.11273927986621857,0.1734375,0.4640625,0.0009686723537512004,,
138,1380,0.3251733213663101,0.12554296031594275,0.19963036775588988,0.11724180802702903,0.1578125,0.496875,0.0009686723537512004,,
139,1390,0.3252725303173065,0.12177254855632783,0.20349997878074647,0.1161724455654621,0.1703125,0.471875,0.0009686723537512004,,
140,1400,0.3638381063938141,0.13468718603253366,0.2291509211063385,0.11583862006664276,0.14375,0.5078125,0.0009686723537512004,,
141,1410,0.33597474098205565,0.12705666795372964,0.20891807079315186,0.12214429900050164,0.18125,0.5046875,0.0009668234230353527,,
142,1420,0.32450938820838926,0.12833771631121635,0.19617166519165039,0.11821575313806534,0.1578125,0.5046875,0.0009668234230353527,,
143,1430,0.30990768373012545,0.12461491525173188,0.18529276847839354,0.11520024240016938,0.1625,0.4890625,0.0009668234230353527,,
144,1440,0.276977626979351,0.0978685587644577,0.17910906672477722,0.11752144768834114,0.18125,0.46875,0.0009668234230353527,,
145,1450,0.31227493584156035,0.11224973201751709,0.20002520084381104,0.12121158391237259,0.1703125,0.5171875,0.0009649233547011821,,
146,1460,0.319596067070961,0.11601470857858658,0.20358136296272278,0.12145846262574196,0.178125,0.49375,0.0009649233547011821,,
147,1470,0.3029350131750107,0.11940188854932784,0.18353312611579894,0.11491487324237823,0.1640625,0.48125,0.0009649233547011821,,
148,1480,0.33635144531726835,0.12542383074760438,0.21092761158943177,0.12640928626060485,0.1484375,0.525,0.0009649233547011821,,
149,1490,0.32177901566028594,0.11755813732743263,0.2042208731174469,0.12652699649333954,0.15625,0.5203125,0.000962972357112593,,
150,1500,0.3000936985015869,0.1151173748075962,0.184976327419281,0.12726514786481857,0.121875,0.525,0.000962972357112593,,
151,1510,0.2962948173284531,0.11027938947081566,0.18601542711257935,0.11175013706088066,0.19375,0.4671875,0.000962972357112593,,
152,1520,0.3081157475709915,0.11758331730961799,0.1905324339866638,0.12286787778139115,0.1421875,0.5203125,0.000962972357112593,,
153,1530,0.3248104527592659,0.13822014406323432,0.1865903079509735,0.12389887347817422,0.15625,0.49375,0.0009609706442184566,,
154,1540,0.3420988962054253,0.13429125770926476,0.20780763626098633,0.12067285478115082,0.15625,0.50625,0.0009609706442184566,,
155,1550,0.3325005769729614,0.12087306007742882,0.2116275191307068,0.1246208332479,0.15,0.5203125,0.0009609706442184566,,
156,1560,0.33990288376808164,0.12686823979020118,0.2130346417427063,0.12396040633320808,0.1828125,0.496875,0.0009609706442184566,,
157,1570,0.30653136074542997,0.11690638437867165,0.18962497711181642,0.12025345489382744,0.153125,0.50625,0.0009589184355291491,,
158,1580,0.2955120325088501,0.11503455862402916,0.18047747015953064,0.11969566866755485,0.1625,0.490625,0.0009589184355291491,,
159,1590,0.29407805055379865,0.1166435420513153,0.1774345099925995,0.12283125519752502,0.1515625,0.53125,0.0009589184355291491,,
160,1600,0.31574941873550416,0.11891704574227333,0.19683237075805665,0.11950097978115082,0.1765625,0.49375,0.0009589184355291491,0.3515628465389273,0.21676923151284586
161,1610,0.324619448184967,0.11987034007906913,0.20474911332130433,0.12285305410623551,0.1546875,0.5046875,0.0009568159560924797,,
162,1620,0.32429535388946534,0.12265239059925079,0.2016429603099823,0.12254152446985245,0.165625,0.51875,0.0009568159560924797,,
163,1630,0.3418705463409424,0.12223337441682816,0.21963717341423034,0.11627944335341453,0.1546875,0.4796875,0.0009568159560924797,,
164,1640,0.3295989543199539,0.12195995450019836,0.2076390027999878,0.11743936240673065,0.171875,0.5,0.0009568159560924797,,
165,1650,0.33430462181568144,0.1354724057018757,0.1988322138786316,0.1264014385640621,0.1421875,0.521875,0.0009546634364690113,,
166,1660,0.3069882243871689,0.11366147622466087,0.19332675337791444,0.1107572577893734,0.1640625,0.4671875,0.0009546634364690113,,
167,1670,0.2929892957210541,0.10938707515597343,0.1836022198200226,0.11431311741471291,0.171875,0.48125,0.0009546634364690113,,
168,1680,0.2991662949323654,0.12042234688997269,0.1787439465522766,0.13508337810635568,0.15,0.528125,0.0009546634364690113,,
169,1690,0.2968354508280754,0.1201806865632534,0.17665476202964783,0.13162393048405646,0.1859375,0.5296875,0.0009524611127067773,,
170,1700,0.3416086882352829,0.13902845308184625,0.20258023738861083,0.11326692402362823,0.159375,0.475,0.0009524611127067773,,
171,1710,0.31796824783086775,0.10340739265084267,0.21456085443496703,0.11470797583460808,0.1375,0.490625,0.0009524611127067773,,
172,1720,0.3087725728750229,0.11404236406087875,0.19473021030426024,0.11724616512656212,0.1484375,0.5015625,0.0009524611127067773,,
173,1730,0.31854190230369567,0.1306774951517582,0.18786441087722777,0.12225615605711937,0.1546875,0.5234375,0.0009502092263153963,,
174,1740,0.32197595536708834,0.11595294065773487,0.20602301955223085,0.11887281388044357,0.1609375,0.503125,0.0009502092263153963,,
175,1750,0.3007963582873344,0.10848108977079392,0.19231526851654052,0.11955641061067582,0.1734375,0.490625,0.0009502092263153963,,
176,1760,0.309217232465744,0.12488527558743953,0.1843319535255432,0.12470491155982018,0.1484375,0.5140625,0.0009502092263153963,,
177,1770,0.32120977640151976,0.11714977174997329,0.2040600061416626,0.13410519883036615,0.140625,0.55,0.0009479080242395872,,
178,1780,0.30015028566122054,0.11381897926330567,0.186331307888031,0.12551817446947097,0.140625,0.5234375,0.0009479080242395872,,
179,1790,0.3014861851930618,0.10763722881674767,0.1938489556312561,0.12095348984003067,0.1625,0.509375,0.0009479080242395872,,
180,1800,0.30082050114870074,0.11495759189128876,0.1858629047870636,0.12356529608368874,0.1875,0.5,0.0009479080242395872,,
181,1810,0.2934589236974716,0.12457257062196732,0.16888634562492372,0.12599586695432663,0.159375,0.50625,0.0009455577588320901,,
182,1820,0.29125299453735354,0.1036841668188572,0.1875688314437866,0.12424440756440162,0.16875,0.5015625,0.0009455577588320901,,
183,1830,0.28070875704288484,0.10568093881011009,0.17502781748771667,0.12237685620784759,0.16875,0.496875,0.0009455577588320901,,
184,1840,0.2689517825841904,0.09332535713911057,0.17562642097473144,0.11395998448133468,0.14375,0.4890625,0.0009455577588320901,,
185,1850,0.2763271301984787,0.10640240907669067,0.16992472410202025,0.12671782523393632,0.1609375,0.5171875,0.0009431586878259921,,
186,1860,0.26397737562656404,0.10871927738189698,0.15525809526443482,0.12040591910481453,0.1796875,0.490625,0.0009431586878259921,,
187,1870,0.27639723718166354,0.10481714606285095,0.1715800940990448,0.11723694801330567,0.1734375,0.4890625,0.0009431586878259921,,
188,1880,0.2814701795578003,0.1145418718457222,0.1669283092021942,0.12622543424367905,0.1734375,0.50625,0.0009431586878259921,,
189,1890,0.2769978106021881,0.10046611800789833,0.1765316903591156,0.12141723483800888,0.15625,0.5046875,0.0009407110743064639,,
190,1900,0.3164581537246704,0.1203822560608387,0.1960758924484253,0.12564584687352182,0.1671875,0.5296875,0.0009407110743064639,,
191,1910,0.30283219665288924,0.11336976364254951,0.18946243524551393,0.12011183053255081,0.1796875,0.5171875,0.0009407110743064639,,
192,1920,0.3006369352340698,0.12177904322743416,0.17885789275169373,0.13036710470914842,0.15625,0.53125,0.0009407110743064639,,
193,1930,0.2851125970482826,0.10223291665315629,0.18287968039512634,0.12334631830453872,0.146875,0.50625,0.0009382151866819102,,
194,1940,0.32388118505477903,0.12790250703692435,0.19597868323326112,0.1292778141796589,0.146875,0.521875,0.0009382151866819102,,
195,1950,0.2828110843896866,0.1035386599600315,0.17927242517471315,0.11265345886349679,0.1625,0.46875,0.0009382151866819102,,
196,1960,0.27678096294403076,0.1031563401222229,0.17362462282180785,0.12574126422405243,0.165625,0.50625,0.0009382151866819102,,
197,1970,0.2686344116926193,0.09844476729631424,0.17018964886665344,0.11816704943776131,0.1625,0.5015625,0.0009356712986545351,,
198,1980,0.2634438589215279,0.09975097998976708,0.16369287967681884,0.1221679650247097,0.14375,0.540625,0.0009356712986545351,,
199,1990,0.293037012219429,0.10268261060118675,0.1903544008731842,0.1154143638908863,0.190625,0.50625,0.0009356712986545351,,
200,2000,0.2827491104602814,0.11316123716533184,0.16958787441253662,0.13120179176330565,0.16875,0.5484375,0.0009356712986545351,0.43147315435922523,0.27986322003004843
201,2010,0.3062551736831665,0.1142357461154461,0.19201942086219786,0.12373893558979035,0.1703125,0.515625,0.0009330796891903276,,
202,2020,0.3027327746152878,0.11071686968207359,0.19201590418815612,0.120914875715971,0.1546875,0.51875,0.0009330796891903276,,
203,2030,0.3745670408010483,0.15546074360609055,0.21910629272460938,0.11742466241121292,0.159375,0.49375,0.0009330796891903276,,
204,2040,0.2861412465572357,0.11346139013767242,0.17267985343933107,0.1256903178989887,0.13125,0.53125,0.0009330796891903276,,
205,2050,0.29053865671157836,0.09707691818475724,0.19346174001693725,0.11157824248075485,0.1625,0.4890625,0.0009304406424884703,,
206,2060,0.26565965712070466,0.10328070372343064,0.16237895488739013,0.11830431669950485,0.178125,0.471875,0.0009304406424884703,,
207,2070,0.29489692449569704,0.11057159081101417,0.18432533144950866,0.12238545045256614,0.1546875,0.509375,0.0009304406424884703,,
208,2080,0.2713999792933464,0.09872038513422013,0.17267959117889403,0.11581781879067421,0.16875,0.4875,0.0009304406424884703,,
209,2090,0.283195948600769,0.11012293472886085,0.173073011636734,0.11401914954185485,0.165625,0.4875,0.0009277544479501735,,
210,2100,0.2622225254774094,0.09313149601221085,0.1690910279750824,0.10555394813418388,0.165625,0.459375,0.0009277544479501735,,
211,2110,0.27834810614585875,0.11046450734138488,0.16788359880447387,0.11982247084379197,0.1703125,0.496875,0.0009277544479501735,,
212,2120,0.28751798421144487,0.11067408099770545,0.17684390544891357,0.12912435531616212,0.1703125,0.5109375,0.0009277544479501735,,
213,2130,0.27766777127981185,0.11483317092061043,0.1628346025943756,0.11965070217847824,0.159375,0.49375,0.000925021400146939,,
214,2140,0.332442943751812,0.13697533681988716,0.195467609167099,0.11735054776072502,0.1796875,0.4921875,0.000925021400146939,,
215,2150,0.29245207756757735,0.10896758660674095,0.1834844946861267,0.12805885672569275,0.1796875,0.509375,0.000925021400146939,,
216,2160,0.2824810966849327,0.11494742035865783,0.167533677816391,0.12101166099309921,0.16875,0.490625,0.000925021400146939,,
217,2170,0.3122695118188858,0.11796609833836555,0.19430341720581054,0.11353485435247421,0.1703125,0.4671875,0.000922241798788257,,
218,2180,0.27052631229162216,0.1011558160185814,0.16937049627304077,0.11434824168682098,0.1828125,0.475,0.000922241798788257,,
219,2190,0.3008222162723541,0.11751825362443924,0.18330395817756653,0.12371215671300888,0.1546875,0.490625,0.000922241798788257,,
220,2200,0.2705898582935333,0.09871569275856018,0.17187416553497314,0.12643594220280646,0.178125,0.4921875,0.000922241798788257,,
221,2210,0.2937355190515518,0.10864219069480896,0.18509332537651063,0.12871716246008874,0.153125,0.5203125,0.0009194159486887398,,
222,2220,0.28929309248924256,0.10170881412923335,0.1875842809677124,0.11774951815605164,0.1625,0.515625,0.0009194159486887398,,
223,2230,0.274554106593132,0.09944558963179588,0.17510851621627807,0.11986407712101936,0.153125,0.5140625,0.0009194159486887398,,
224,2240,0.2844505697488785,0.11226463951170444,0.17218592762947083,0.12307913303375244,0.159375,0.509375,0.0009194159486887398,,
225,2250,0.28968488425016403,0.10037117823958397,0.18931370377540588,0.11273529529571533,0.1734375,0.4921875,0.0009165441597346951,,
226,2260,0.27879860401153567,0.10425624251365662,0.17454236149787902,0.12308561056852341,0.1390625,0.5,0.0009165441597346951,,
227,2270,0.2923363208770752,0.13050390183925628,0.16183241605758666,0.12083814665675163,0.1828125,0.4875,0.0009165441597346951,,
228,2280,0.32619209587574005,0.1162860631942749,0.2099060297012329,0.12454584538936615,0.18125,0.5140625,0.0009165441597346951,,
229,2290,0.2760315611958504,0.11470463648438453,0.16132692694664003,0.10628611966967583,0.1765625,0.465625,0.000913626746850144,,
230,2300,0.2887684479355812,0.11202603802084923,0.17674241065979004,0.1202043779194355,0.1609375,0.4875,0.000913626746850144,,
231,2310,0.30558267384767535,0.1200164407491684,0.18556623458862304,0.1217433363199234,0.1515625,0.496875,0.000913626746850144,,
232,2320,0.2638708293437958,0.09939980283379554,0.16447102427482604,0.11303710788488389,0.18125,0.4875,0.000913626746850144,,
233,2330,0.27760361284017565,0.10607731342315674,0.171526300907135,0.1221699595451355,0.1625,0.49375,0.0009106640299622855,,
234,2340,0.2703740283846855,0.10772364735603332,0.16265038251876832,0.12379461601376533,0.1625,0.4953125,0.0009106640299622855,,
235,2350,0.2999346286058426,0.11826006397604942,0.1816745638847351,0.12749845385551453,0.15,0.528125,0.0009106640299622855,,
236,2360,0.2858949780464172,0.09986069053411484,0.1860342800617218,0.11545098423957825,0.1765625,0.4859375,0.0009106640299622855,,
237,2370,0.28038866966962817,0.10912301391363144,0.1712656557559967,0.12764418870210648,0.1359375,0.534375,0.0009076563339664131,,
238,2380,0.3013225257396698,0.10668003633618355,0.19464249014854432,0.12816946506500243,0.1625,0.5203125,0.0009076563339664131,,
239,2390,0.24819292426109313,0.09257813170552254,0.15561479330062866,0.1177409254014492,0.175,0.5078125,0.0009076563339664131,,
240,2400,0.2738233909010887,0.1025500901043415,0.17127329707145691,0.12579619288444518,0.1734375,0.515625,0.0009076563339664131,0.49953603420617887,0.33991745476579677
241,2410,0.27339196354150774,0.11339558139443398,0.15999638438224792,0.12180337458848953,0.178125,0.5125,0.0009046039886902866,,
242,2420,0.29202225506305696,0.12229981422424316,0.16972244381904603,0.1230593279004097,0.175,0.5140625,0.0009046039886902866,,
243,2430,0.2979818135499954,0.10538665354251861,0.1925951600074768,0.1195475660264492,0.1765625,0.5140625,0.0009046039886902866,,
244,2440,0.25423782765865327,0.09366412237286567,0.16057370901107787,0.12386935204267502,0.1625,0.5,0.0009046039886902866,,
245,2450,0.30271319299936295,0.12293470948934555,0.17977848649024963,0.11417672112584114,0.140625,0.4875,0.000901507328857962,,
246,2460,0.29752074778079984,0.12313773334026337,0.17438302040100098,0.10855164602398873,0.1734375,0.471875,0.000901507328857962,,
247,2470,0.2925036683678627,0.1088628575205803,0.18364080786705017,0.12166947051882744,0.15,0.49375,0.000901507328857962,,
248,2480,0.2954644650220871,0.1097910039126873,0.1856734573841095,0.11670893132686615,0.184375,0.4984375,0.000901507328857962,,
249,2490,0.30609992146492004,0.0998581662774086,0.20624175071716308,0.1185945451259613,0.1734375,0.5125,0.0008983666940530862,,
250,2500,0.3127786159515381,0.1213490404188633,0.1914295732975006,0.12645824030041694,0.1578125,0.5296875,0.0008983666940530862,,
251,2510,0.2345367595553398,0.08819488361477852,0.14634187817573546,0.10952733680605889,0.1890625,0.471875,0.0008983666940530862,,
252,2520,0.2538632214069366,0.09980797097086906,0.15405524969100953,0.12011207789182662,0.175,0.4734375,0.0008983666940530862,,
253,2530,0.2781491845846176,0.11856537908315659,0.15958380699157715,0.12701266184449195,0.1515625,0.5046875,0.0008951824286816575,,
254,2540,0.2732631593942642,0.1077047497034073,0.16555840969085694,0.11443605944514275,0.1609375,0.4640625,0.0008951824286816575,,
255,2550,0.25267920196056365,0.09635171554982662,0.156327486038208,0.11723545342683792,0.1484375,0.5234375,0.0008951824286816575,,
256,2560,0.2698428094387054,0.10323916375637054,0.16660364270210265,0.12363243550062179,0.165625,0.5140625,0.0008951824286816575,,
257,2570,0.2491583362221718,0.09867432788014412,0.15048400759696962,0.13191341310739518,0.140625,0.5421875,0.0008919548819342572,,
258,2580,0.27002423256635666,0.10202500373125076,0.16799922585487365,0.12767259106040002,0.14375,0.5453125,0.0008919548819342572,,
259,2590,0.26342683583498,0.1011525645852089,0.16227427124977112,0.11510470360517502,0.1734375,0.4796875,0.0008919548819342572,,
260,2600,0.27286192327737807,0.10545045733451844,0.16741146445274352,0.12852932512760162,0.1359375,0.53125,0.0008919548819342572,,
261,2610,0.28276341408491135,0.10150587558746338,0.18125753998756408,0.12047230973839759,0.171875,0.4890625,0.0008886844077477572,,
262,2620,0.30463567823171617,0.11861963346600532,0.18601604104042052,0.12500386089086532,0.1421875,0.5125,0.0008886844077477572,,
263,2630,0.2663126662373543,0.0931797131896019,0.17313295602798462,0.1172091729938984,0.15625,0.5,0.0008886844077477572,,
264,2640,0.24979332089424133,0.10219828449189663,0.14759503602981566,0.1144843876361847,0.171875,0.471875,0.0008886844077477572,,
265,2650,0.25331936627626417,0.08386268392205239,0.16945668458938598,0.11678441613912582,0.2046875,0.471875,0.0008853713647665069,,
266,2660,0.288880318403244,0.11492600291967392,0.17395431995391847,0.11662796586751938,0.1796875,0.4890625,0.0008853713647665069,,
267,2670,0.24139035791158675,0.08275061175227165,0.15863974690437316,0.11832698583602905,0.1640625,0.5015625,0.0008853713647665069,,
268,2680,0.22942041158676146,0.07944997400045395,0.1499704360961914,0.10266237631440163,0.175,0.4421875,0.0008853713647665069,,
269,2690,0.2603014692664146,0.0950729288160801,0.16522853970527648,0.12202434614300728,0.1515625,0.496875,0.000882016116303004,,
270,2700,0.2459958925843239,0.08645783662796021,0.15953805446624755,0.11239698454737664,0.1640625,0.4890625,0.000882016116303004,,
271,2710,0.27238624542951584,0.10094982273876667,0.1714364230632782,0.12425324991345406,0.18125,0.4953125,0.000882016116303004,,
272,2720,0.24931294173002244,0.10140209868550301,0.14791084527969361,0.1249415785074234,0.15625,0.5125,0.000882016116303004,,
273,2730,0.2579716891050339,0.09869342520833016,0.15927826166152953,0.11767901703715325,0.165625,0.4921875,0.0008786190302980524,,
274,2740,0.27436764985322953,0.10145878046751022,0.17290887236595154,0.11320439428091049,0.1453125,0.4859375,0.0008786190302980524,,
275,2750,0.27295883893966677,0.10310707502067089,0.16985176205635072,0.11864847838878631,0.1671875,0.509375,0.0008786190302980524,,
276,2760,0.22447769939899445,0.0932802401483059,0.1311974585056305,0.11479404717683792,0.15,0.46875,0.0008786190302980524,,
277,2770,0.2867848575115204,0.11655724495649337,0.17022761702537537,0.1196460947394371,0.15,0.5203125,0.0008751804792804147,,
278,2780,0.2767938122153282,0.1043851837515831,0.1724086284637451,0.12151775434613228,0.1546875,0.515625,0.0008751804792804147,,
279,2790,0.2658599868416786,0.09423010423779488,0.1716298818588257,0.12761105597019196,0.1734375,0.515625,0.0008751804792804147,,
280,2800,0.24867235720157624,0.09333581067621707,0.15533654689788817,0.11588084846735,0.1671875,0.4953125,0.0008751804792804147,0.43417812180336035,0.28022458523245614
281,2810,0.2753779664635658,0.10036533176898957,0.17501263618469237,0.11871200427412987,0.184375,0.4890625,0.0008717008403259585,,
282,2820,0.2777225121855736,0.1139271765947342,0.16379533410072328,0.11951704695820808,0.16875,0.496875,0.0008717008403259585,,
283,2830,0.2938689514994621,0.11439083144068718,0.17947812080383302,0.11781665757298469,0.1625,0.4859375,0.0008717008403259585,,
284,2840,0.26864204555749893,0.10717774294316769,0.16146430373191833,0.11349997594952584,0.190625,0.4875,0.0008717008403259585,,
285,2850,0.25153788179159164,0.10544282160699367,0.14609506130218505,0.12504396662116052,0.171875,0.5078125,0.0008681804950163073,,
286,2860,0.24064522236585617,0.09652832970023155,0.1441168963909149,0.12093617469072342,0.171875,0.4671875,0.0008681804950163073,,
287,2870,0.2764799177646637,0.11589057818055153,0.16058934330940247,0.1271849289536476,0.1640625,0.53125,0.0008681804950163073,,
288,2880,0.2791503921151161,0.10107030719518661,0.17808008790016175,0.11664129570126533,0.165625,0.5078125,0.0008681804950163073,,
289,2890,0.23416085541248322,0.08660238981246948,0.1475584626197815,0.12288618683815003,0.1671875,0.5015625,0.0008646198293969952,,
290,2900,0.2698493018746376,0.11171020194888115,0.15813909769058226,0.1288179337978363,0.1484375,0.521875,0.0008646198293969952,,
291,2910,0.266399510204792,0.10725446343421936,0.15914505124092101,0.11839574575424194,0.1359375,0.4921875,0.0008646198293969952,,
292,2920,0.24602049589157104,0.0849682904779911,0.16105220317840577,0.11800213009119034,0.14375,0.50625,0.0008646198293969952,,
293,2930,0.26437040567398074,0.09981591105461121,0.1645544946193695,0.1273457407951355,0.15625,0.53125,0.000861019233935132,,
294,2940,0.30556071996688844,0.11355720236897468,0.1920035183429718,0.13065235316753387,0.15,0.53125,0.000861019233935132,,
295,2950,0.2793028011918068,0.10759773030877114,0.17170507311820984,0.12240662649273873,0.15625,0.4984375,0.000861019233935132,,
296,2960,0.278436878323555,0.10698377192020417,0.17145310640335082,0.11958331242203712,0.1546875,0.5109375,0.000861019233935132,,
297,2970,0.24021617621183394,0.10334230326116085,0.13687387108802795,0.11829235777258873,0.14375,0.503125,0.0008573791034765854,,
298,2980,0.25409250557422636,0.09570321291685105,0.15838929414749145,0.11249140277504921,0.1953125,0.4765625,0.0008573791034765854,,
299,2990,0.30688091963529585,0.11994107440114021,0.18693984746932985,0.12153145670890808,0.1546875,0.50625,0.0008573791034765854,,
300,3000,0.2521901950240135,0.09281603582203388,0.15937415957450868,0.11862369105219842,0.178125,0.4890625,0.0008573791034765854,,
301,3010,0.24777500331401825,0.09507701843976975,0.15269798636436463,0.11847945004701614,0.1453125,0.4796875,0.0008536998372026806,,
302,3020,0.2654318332672119,0.09539495259523392,0.17003688216209412,0.1161986045539379,0.184375,0.48125,0.0008536998372026806,,
303,3030,0.22880593240261077,0.08741973489522933,0.14138619899749755,0.1238656148314476,0.1703125,0.5078125,0.0008536998372026806,,
304,3040,0.26873656511306765,0.10137419253587723,0.16736237406730653,0.1200703501701355,0.1796875,0.49375,0.0008536998372026806,,
305,3050,0.24542903751134873,0.09213583767414094,0.15329319834709168,0.11418108120560647,0.1703125,0.5046875,0.0008499818385864263,,
306,3060,0.23240670710802078,0.09140514507889748,0.1410015642642975,0.11521070450544357,0.146875,0.490625,0.0008499818385864263,,
307,3070,0.24549696147441863,0.08463536687195301,0.16086159348487855,0.11334078833460808,0.1640625,0.465625,0.0008499818385864263,,
308,3080,0.2515859708189964,0.09933618418872356,0.15224978923797608,0.12189031764864922,0.15625,0.49375,0.0008499818385864263,,
309,3090,0.25594587326049806,0.0983169436454773,0.15762892961502076,0.10788648799061776,0.1703125,0.48125,0.0008462255153482683,,
310,3100,0.26206018924713137,0.09002669230103492,0.17203349471092225,0.11400059089064599,0.1921875,0.4828125,0.0008462255153482683,,
311,3110,0.26403374075889585,0.10145424455404281,0.16257949471473693,0.11473637595772743,0.1609375,0.4828125,0.0008462255153482683,,
312,3120,0.24791765511035918,0.09235475435853005,0.1555629014968872,0.11722262501716614,0.1703125,0.503125,0.0008462255153482683,,
313,3130,0.22663213908672333,0.08353917226195336,0.14309296607971192,0.11580885127186775,0.1515625,0.4859375,0.0008424312794113801,,
314,3140,0.2662660703063011,0.0948362648487091,0.17142980098724364,0.12786254808306693,0.1421875,0.509375,0.0008424312794113801,,
315,3150,0.25282513350248337,0.09410548768937588,0.15871964693069457,0.12979088351130486,0.16875,0.521875,0.0008424312794113801,,
316,3160,0.25044433772563934,0.09765102043747902,0.15279331803321838,0.11789488419890404,0.159375,0.5046875,0.0008424312794113801,,
317,3170,0.26724265664815905,0.0916511595249176,0.17559149861335754,0.11503744125366211,0.1640625,0.4703125,0.0008385995468564891,,
318,3180,0.22185189425945281,0.08450277373194695,0.13734912276268005,0.11959689036011696,0.1765625,0.4765625,0.0008385995468564891,,
319,3190,0.2562209740281105,0.09501741528511047,0.1612035572528839,0.11754860281944275,0.1625,0.496875,0.0008385995468564891,,
320,3200,0.2669962853193283,0.10012678988277912,0.16686949729919434,0.11103589981794357,0.178125,0.484375,0.0008385995468564891,0.4804615170055107,0.3189030031129589
321,3210,0.28268309533596037,0.0932716429233551,0.18941144943237304,0.12786839976906778,0.134375,0.5203125,0.0008347307378762498,,
322,3220,0.26069186478853223,0.10255744829773902,0.1581344187259674,0.12777385711669922,0.15,0.5234375,0.0008347307378762498,,
323,3230,0.2776545792818069,0.10633386820554733,0.17132071256637574,0.1276915229856968,0.1671875,0.5140625,0.0008347307378762498,,
324,3240,0.2739888235926628,0.09178055971860885,0.18220826387405395,0.10173377022147179,0.1828125,0.4515625,0.0008347307378762498,,
325,3250,0.25381564199924467,0.10396006554365159,0.14985557794570922,0.12096470072865487,0.1515625,0.5078125,0.0008308252767291642,,
326,3260,0.25435148924589157,0.09667623862624168,0.15767524838447572,0.12367167174816132,0.159375,0.51875,0.0008308252767291642,,
327,3270,0.21959615349769593,0.08535287119448184,0.13424327969551086,0.12059674710035324,0.1484375,0.484375,0.0008308252767291642,,
328,3280,0.25178920924663545,0.09688514247536659,0.1549040675163269,0.11827355027198791,0.178125,0.4859375,0.0008308252767291642,,
329,3290,0.26143644750118256,0.10036603398621083,0.16107041239738465,0.12808999344706534,0.1453125,0.53125,0.0008268835916930579,,
330,3300,0.24745576977729797,0.09252021089196205,0.15493555665016173,0.11488024592399597,0.178125,0.490625,0.0008268835916930579,,
331,3310,0.2331756681203842,0.08803434893488885,0.14514132142066954,0.13150360509753228,0.15,0.525,0.0008268835916930579,,
332,3320,0.23589066714048385,0.07754197604954242,0.15834869146347047,0.1113977536559105,0.14375,0.4734375,0.0008268835916930579,,
333,3330,0.25937867909669876,0.10127232372760772,0.15810635685920715,0.11485968977212906,0.159375,0.484375,0.0008229061150181134,,
334,3340,0.26512848436832426,0.1119914971292019,0.15313698649406432,0.11556309014558792,0.1484375,0.4765625,0.0008229061150181134,,
335,3350,0.2717336654663086,0.10054342970252036,0.1711902379989624,0.11990891769528389,0.146875,0.521875,0.0008229061150181134,,
336,3360,0.27235775887966157,0.10527281910181045,0.167084938287735,0.11971659660339355,0.1515625,0.509375,0.0008229061150181134,,
337,3370,0.2968499749898911,0.11432141065597534,0.18252856135368348,0.1160577267408371,0.175,0.4984375,0.0008188932828794706,,
338,3380,0.2326567456126213,0.08283432833850383,0.14982241988182068,0.11754187270998954,0.190625,0.478125,0.0008188932828794706,,
339,3390,0.23146441727876663,0.08607297018170357,0.14539144635200502,0.12214940711855889,0.1609375,0.509375,0.0008188932828794706,,
340,3400,0.24917981028556824,0.08495761714875698,0.16422219276428224,0.11569799184799194,0.18125,0.48125,0.0008188932828794706,,
341,3410,0.23615607619285583,0.08430670201778412,0.15184937715530394,0.11875772029161454,0.1578125,0.4921875,0.0008148455353293939,,
342,3420,0.2756115958094597,0.10883259549736976,0.16677899956703185,0.11334888488054276,0.153125,0.490625,0.0008148455353293939,,
343,3430,0.22635286897420884,0.08137233667075634,0.14498053193092347,0.12423780485987664,0.1640625,0.5140625,0.0008148455353293939,,
344,3440,0.2362381711602211,0.09371587708592415,0.14252229332923888,0.11795579344034195,0.1703125,0.4828125,0.0008148455353293939,,
345,3450,0.24233390837907792,0.08672618158161641,0.1556077241897583,0.12266521379351616,0.16875,0.5109375,0.0008107633162490162,,
346,3460,0.226181560754776,0.08634123206138611,0.1398403286933899,0.11365219205617905,0.1546875,0.4953125,0.0008107633162490162,,
347,3470,0.2518909603357315,0.08489560410380363,0.16699535846710206,0.10479698777198791,0.203125,0.4609375,0.0008107633162490162,,
348,3480,0.221021930873394,0.07325177006423474,0.14777016043663024,0.11527933850884438,0.1546875,0.48125,0.0008107633162490162,,
349,3490,0.2681354880332947,0.11174011752009391,0.1563953697681427,0.1259905107319355,0.14375,0.51875,0.0008066470732996619,,
350,3500,0.27694620937108994,0.10737718939781189,0.1695690155029297,0.12587367370724678,0.1578125,0.5515625,0.0008066470732996619,,
351,3510,0.25867507308721543,0.09655361846089364,0.16212145686149598,0.1173044614493847,0.1625,0.50625,0.0008066470732996619,,
352,3520,0.2728534385561943,0.10213437564671039,0.17071906924247743,0.1182326927781105,0.184375,0.4828125,0.0008066470732996619,,
353,3530,0.2868302211165428,0.1128141738474369,0.17401604652404784,0.1157448261976242,0.1640625,0.5125,0.0008024972578737564,,
354,3540,0.24237330108880997,0.08682171888649463,0.15555158257484436,0.12478326112031937,0.1890625,0.5046875,0.0008024972578737564,,
355,3550,0.2579029366374016,0.10783869698643685,0.15006423592567444,0.11407570242881775,0.1734375,0.4859375,0.0008024972578737564,,
356,3560,0.25628485828638076,0.0942257061600685,0.16205915212631225,0.11776222363114357,0.1578125,0.5140625,0.0008024972578737564,,
357,3570,0.23984514325857162,0.09608762711286545,0.14375751614570617,0.11953834742307663,0.1484375,0.5015625,0.0007983143250453251,,
358,3580,0.23593283146619798,0.10093454048037528,0.13499829173088074,0.12012702748179435,0.175,0.5015625,0.0007983143250453251,,
359,3590,0.2752304196357727,0.10470320172607898,0.17052721977233887,0.11846188679337502,0.171875,0.5078125,0.0007983143250453251,,
360,3600,0.24233351051807403,0.09030618444085121,0.15202732086181642,0.1139694519340992,0.1765625,0.496875,0.0007983143250453251,0.6090473040121847,0.44186800987373054
361,3610,0.26312133222818374,0.09816309511661529,0.1649582326412201,0.11361818835139274,0.16875,0.4921875,0.0007940987335200903,,
362,3620,0.22388344407081603,0.07958606332540512,0.1442973792552948,0.12125916555523872,0.159375,0.5046875,0.0007940987335200903,,
363,3630,0.2772941023111343,0.10719308108091355,0.17010102272033692,0.11686251536011696,0.146875,0.4921875,0.0007940987335200903,,
364,3640,0.2523062974214554,0.09315467774868011,0.15915161967277527,0.11770592406392097,0.1765625,0.5015625,0.0007940987335200903,,
365,3650,0.25292732417583463,0.10598162934184074,0.14694569110870362,0.12376733645796775,0.16875,0.5046875,0.000789850945585168,,
366,3660,0.26459313929080963,0.10023815631866455,0.16435498595237732,0.12189729362726212,0.15,0.4953125,0.000789850945585168,,
367,3670,0.25090620666742325,0.09745432063937187,0.1534518837928772,0.1152997687458992,0.1640625,0.478125,0.000789850945585168,,
368,3680,0.23529065251350403,0.07955220937728882,0.1557384431362152,0.11297183483839035,0.1765625,0.4875,0.000789850945585168,,
369,3690,0.22058687061071397,0.08628917820751666,0.1342976927757263,0.12185992524027825,0.1671875,0.4984375,0.0007855714270583737,,
370,3700,0.26700149923563005,0.1055481493473053,0.16145334839820863,0.12990622818470002,0.1515625,0.5390625,0.0007855714270583737,,
371,3710,0.22098426073789595,0.08719810917973518,0.13378615379333497,0.12590294629335402,0.1515625,0.5109375,0.0007855714270583737,,
372,3720,0.2488110363483429,0.10832015685737133,0.1404908776283264,0.11496619135141373,0.1671875,0.46875,0.0007855714270583737,,
373,3730,0.2243369400501251,0.08010538592934609,0.14423155188560485,0.11219818592071533,0.16875,0.484375,0.0007812606472371393,,
374,3740,0.22590335905551912,0.08509244993329049,0.14081090688705444,0.12779765129089354,0.1546875,0.5234375,0.0007812606472371393,,
375,3750,0.21279782950878143,0.08435750529170036,0.12844032645225525,0.12855485826730728,0.15625,0.5265625,0.0007812606472371393,,
376,3760,0.2585346236824989,0.11223557703197003,0.1462990462779999,0.11748495027422905,0.1734375,0.478125,0.0007812606472371393,,
377,3770,0.22429838329553603,0.08013813756406307,0.14416024684906006,0.11299288719892502,0.171875,0.45,0.0007769190788470504,,
378,3780,0.24814124405384064,0.09730191677808761,0.15083932876586914,0.1196722500026226,0.1609375,0.4921875,0.0007769190788470504,,
379,3790,0.25307797491550443,0.090574861317873,0.1625031054019928,0.11003978326916694,0.175,0.475,0.0007769190788470504,,
380,3800,0.23119014650583267,0.08394904173910618,0.1472411036491394,0.117557692527771,0.171875,0.503125,0.0007769190788470504,,
381,3810,0.2383202612400055,0.09632174968719483,0.14199851155281068,0.12352083027362823,0.153125,0.5234375,0.000772547197990006,,
382,3820,0.23826355189085008,0.08080856204032898,0.1574549913406372,0.11876730993390083,0.16875,0.4984375,0.000772547197990006,,
383,3830,0.236434268951416,0.08456274941563606,0.151871520280838,0.12819973453879357,0.16875,0.51875,0.000772547197990006,,
384,3840,0.23298165947198868,0.0944335948675871,0.13854806423187255,0.1238152913749218,0.175,0.4765625,0.000772547197990006,,
385,3850,0.25265478938817976,0.10037781335413457,0.15227697491645814,0.11457780823111534,0.178125,0.4875,0.0007681454840920087,,
386,3860,0.2653367295861244,0.10359113328158856,0.16174559593200682,0.12038337215781211,0.15625,0.4890625,0.0007681454840920087,,
387,3870,0.25843536406755446,0.09809196814894676,0.1603433907032013,0.1318290837109089,0.146875,0.54375,0.0007681454840920087,,
388,3880,0.2513879030942917,0.09878101274371147,0.15260688662528993,0.12575359418988227,0.1453125,0.546875,0.0007681454840920087,,
389,3890,0.2633588194847107,0.09838728234171867,0.16497153639793397,0.12408646419644356,0.171875,0.51875,0.0007637144198505905,,
390,3900,0.25118959695100784,0.09664995446801186,0.15453964471817017,0.11753888502717018,0.1796875,0.4859375,0.0007637144198505905,,
391,3910,0.2398434564471245,0.0884865365922451,0.1513569176197052,0.12278753519058228,0.175,0.4984375,0.0007637144198505905,,
392,3920,0.22207997590303422,0.08532337807118892,0.13675659894943237,0.11384588554501533,0.1921875,0.4546875,0.0007637144198505905,,
393,3930,0.2643072187900543,0.10741304941475391,0.15689416527748107,0.11825785487890243,0.1515625,0.4921875,0.0007592544911818786,,
394,3940,0.2514765039086342,0.09362172037363052,0.15785478353500365,0.13702080994844437,0.1625,0.5390625,0.0007592544911818786,,
395,3950,0.253017757833004,0.1063436061143875,0.14667415022850036,0.11877341493964196,0.159375,0.4859375,0.0007592544911818786,,
396,3960,0.24531603753566741,0.09296242743730546,0.15235360860824584,0.11691034883260727,0.1625,0.484375,0.0007592544911818786,,
397,3970,0.22936543822288513,0.08443066254258155,0.1449347734451294,0.1123754359781742,0.159375,0.471875,0.0007547661871673105,,
398,3980,0.22587890326976776,0.08196575418114663,0.1439131498336792,0.11761922910809516,0.1640625,0.475,0.0007547661871673105,,
399,3990,0.22119524776935579,0.08418525978922844,0.13700998425483704,0.12169426083564758,0.16875,0.4984375,0.0007547661871673105,,
400,4000,0.2616718277335167,0.10294292941689491,0.15872889757156372,0.11675526723265647,0.1671875,0.503125,0.0007547661871673105,0.5448721602722625,0.37767786588988445
401,4010,0.23582358062267303,0.08448904529213905,0.15133453607559205,0.1225423976778984,0.178125,0.515625,0.00075025,,
402,4020,0.24756696671247483,0.09104232862591743,0.15652464032173158,0.11858171448111535,0.1546875,0.5140625,0.00075025,,
403,4030,0.26978234499692916,0.1052296593785286,0.1645526885986328,0.11701522842049598,0.159375,0.509375,0.00075025,,
404,4040,0.25937235206365583,0.10945186167955398,0.1499204933643341,0.10986838713288308,0.1515625,0.478125,0.00075025,,
405,4050,0.2667271599173546,0.09261419251561165,0.17411296367645263,0.11968047320842742,0.1640625,0.484375,0.0007457064249307629,,
406,4060,0.23478653579950332,0.09377098605036735,0.14101555347442626,0.10912400633096694,0.1625,0.4765625,0.0007457064249307629,,
407,4070,0.2622767239809036,0.10565928816795349,0.1566174328327179,0.12237685546278954,0.1640625,0.515625,0.0007457064249307629,,
408,4080,0.2635781139135361,0.09072863385081291,0.17284948229789734,0.12209709137678146,0.159375,0.5046875,0.0007457064249307629,,
409,4090,0.22540002912282944,0.08902374170720577,0.1363762855529785,0.12478749454021454,0.153125,0.5390625,0.0007411359602138069,,
410,4100,0.24795837998390197,0.09803140684962272,0.1499269723892212,0.11817713901400566,0.171875,0.5015625,0.0007411359602138069,,
411,4110,0.2726411119103432,0.10462690033018589,0.1680142104625702,0.11758148670196533,0.15625,0.4796875,0.0007411359602138069,,
412,4120,0.2603487312793732,0.09297923669219017,0.1673694908618927,0.12190999835729599,0.153125,0.4890625,0.0007411359602138069,,
413,4130,0.22683530151844025,0.0753483820706606,0.1514869213104248,0.10989130511879922,0.19375,0.459375,0.0007365391070520927,,
414,4140,0.24167087227106093,0.0961096566170454,0.14556121230125427,0.1247163712978363,0.1515625,0.48125,0.0007365391070520927,,
415,4150,0.24320434182882308,0.0991048865020275,0.14409945607185365,0.1184966392815113,0.134375,0.5171875,0.0007365391070520927,,
416,4160,0.2603544071316719,0.09821059256792068,0.1621438145637512,0.1063049279153347,0.159375,0.4609375,0.0007365391070520927,,
417,4170,0.23507464528083802,0.09379688948392868,0.1412777543067932,0.11700862869620324,0.2,0.4921875,0.0007319163695423712,,
418,4180,0.21165859401226045,0.08396502994000912,0.1276935636997223,0.12660235911607742,0.1484375,0.5,0.0007319163695423712,,
419,4190,0.24036024808883666,0.08815758675336838,0.15220265984535217,0.11842937543988227,0.1453125,0.4953125,0.0007319163695423712,,
420,4200,0.24257672429084778,0.09898109585046769,0.1435956299304962,0.11985622942447663,0.1921875,0.49375,0.0007319163695423712,,
421,4210,0.2513639271259308,0.09476017504930496,0.15660375356674194,0.11541386619210244,0.178125,0.4765625,0.0007272682546199038,,
422,4220,0.23686774969100952,0.08628406748175621,0.1505836844444275,0.11277452930808067,0.1671875,0.5,0.0007272682546199038,,
423,4230,0.23262155801057816,0.09953116104006768,0.1330903947353363,0.12158003523945808,0.175,0.4828125,0.0007272682546199038,,
424,4240,0.2664677366614342,0.10002131164073944,0.16644642353057862,0.11765584871172904,0.1375,0.503125,0.0007272682546199038,,
425,4250,0.26261386424303057,0.09925294890999795,0.1633609116077423,0.11102282255887985,0.1796875,0.4703125,0.0007225952720028714,,
426,4260,0.24968457370996475,0.0964922659099102,0.15319231152534485,0.13036162480711938,0.1265625,0.55625,0.0007225952720028714,,
427,4270,0.23675128668546677,0.08627366721630096,0.15047761797904968,0.12867032811045648,0.1515625,0.525,0.0007225952720028714,,
428,4280,0.21870509535074234,0.08396209105849266,0.13474300503730774,0.11294655054807663,0.159375,0.4953125,0.0007225952720028714,,
429,4290,0.2355629414319992,0.08951034471392631,0.14605259895324707,0.11434599757194519,0.1875,0.5109375,0.0007178979341364778,,
430,4300,0.21673193871974944,0.07897410802543163,0.1377578318119049,0.11856539770960808,0.1765625,0.4875,0.0007178979341364778,,
431,4310,0.24923066794872284,0.09168485179543495,0.15754581689834596,0.12945419326424598,0.146875,0.51875,0.0007178979341364778,,
432,4320,0.21739140301942825,0.08665274158120155,0.13073866367340087,0.1188322089612484,0.175,0.4734375,0.0007178979341364778,,
433,4330,0.25041801035404204,0.09528973847627639,0.15512827038764954,0.11678304746747017,0.1546875,0.4859375,0.000713176756136754,,
434,4340,0.24973912090063094,0.09279423505067826,0.15694488883018493,0.11268073543906212,0.1765625,0.4953125,0.000713176756136754,,
435,4350,0.21658119559288025,0.08149472363293171,0.13508647084236144,0.11907074451446534,0.15,0.5203125,0.000713176756136754,,
436,4360,0.24758667051792144,0.1014671802520752,0.14611949324607848,0.12147502899169922,0.15,0.5015625,0.000713176756136754,,
437,4370,0.24800781160593033,0.08716870024800301,0.16083911061286926,0.12267679944634438,0.15625,0.509375,0.0007084322557340706,,
438,4380,0.23212929517030717,0.08602178506553174,0.14610750675201417,0.12176289260387421,0.171875,0.5046875,0.0007084322557340706,,
439,4390,0.22867256700992583,0.08235723040997982,0.146315336227417,0.11920925751328468,0.1640625,0.5078125,0.0007084322557340706,,
440,4400,0.21267312318086623,0.08458447605371475,0.12808864712715148,0.12022169306874275,0.1765625,0.4921875,0.0007084322557340706,0.5864693304344962,0.42048790890539145
441,4410,0.22412191331386566,0.08644427247345447,0.1376776397228241,0.12205399200320244,0.153125,0.5109375,0.0007036649532163623,,
442,4420,0.22158868312835694,0.09431211203336716,0.12727656960487366,0.13971806317567825,0.153125,0.559375,0.0007036649532163623,,
443,4430,0.24612365514039994,0.10297435484826564,0.14314929842948915,0.11239063292741776,0.159375,0.4734375,0.0007036649532163623,,
444,4440,0.2407886117696762,0.09437228217720986,0.1464163303375244,0.12362571135163307,0.184375,0.496875,0.0007036649532163623,,
445,4450,0.2452266961336136,0.09068829379975796,0.15453840494155885,0.11361283138394355,0.171875,0.4953125,0.000698875371372073,,
446,4460,0.20863126814365388,0.08304418809711933,0.1255870759487152,0.12381778359413147,0.1796875,0.515625,0.000698875371372073,,
447,4470,0.2215219959616661,0.07515696696937084,0.14636502861976625,0.12052524909377098,0.1484375,0.4828125,0.000698875371372073,,
448,4480,0.25747196227312086,0.09348169565200806,0.1639902651309967,0.12465483769774437,0.1484375,0.525,0.000698875371372073,,
449,4490,0.2510784015059471,0.09927580803632736,0.15180259346961975,0.11768412366509437,0.1578125,0.5203125,0.0006940640354328256,,
450,4500,0.2892396792769432,0.12773204632103444,0.16150763034820556,0.12084362879395485,0.1546875,0.509375,0.0006940640354328256,,
451,4510,0.23606501370668412,0.08544253632426262,0.1506224751472473,0.11904433816671371,0.165625,0.4875,0.0006940640354328256,,
452,4520,0.2999476581811905,0.12219592817127704,0.1777517318725586,0.11594512015581131,0.1578125,0.496875,0.0006940640354328256,,
453,4530,0.2661555647850037,0.09998806491494179,0.1661674976348877,0.13784677684307098,0.1453125,0.5703125,0.0006892314730158245,,
454,4540,0.24912851452827453,0.10003900155425072,0.14908950924873351,0.12473044544458389,0.175,0.5359375,0.0006892314730158245,,
455,4550,0.24487969279289246,0.10051800981163979,0.1443616807460785,0.11749267280101776,0.1578125,0.4953125,0.0006892314730158245,,
456,4560,0.21599019169807435,0.08405976966023446,0.13193042278289796,0.11278748586773872,0.1734375,0.475,0.0006892314730158245,,
457,4570,0.2431432530283928,0.08017207197844982,0.16297118067741395,0.11816667690873146,0.190625,0.5140625,0.0006843782140659969,,
458,4580,0.29871014803647994,0.1342088282108307,0.16450132727622985,0.12151326909661293,0.15,0.5140625,0.0006843782140659969,,
459,4590,0.26418209820985794,0.10907664149999619,0.15510545372962953,0.12281307131052017,0.15625,0.5109375,0.0006843782140659969,,
460,4600,0.2497980922460556,0.0944711796939373,0.1553269147872925,0.12726415395736695,0.1765625,0.503125,0.0006843782140659969,,
461,4610,0.24091096073389054,0.09898271784186363,0.14192824959754943,0.12351273149251937,0.153125,0.5046875,0.0006795047907978775,,
462,4620,0.21697212904691696,0.08959754072129726,0.1273745834827423,0.13364518955349922,0.13125,0.5203125,0.0006795047907978775,,
463,4630,0.2164773389697075,0.08278654888272285,0.1336907923221588,0.12395629584789276,0.1515625,0.5125,0.0006795047907978775,,
464,4640,0.23920608162879944,0.08733565770089627,0.15187042355537414,0.12178929969668388,0.1421875,0.50625,0.0006795047907978775,,
465,4650,0.25077906250953674,0.09754546731710434,0.15323359966278077,0.12863146439194678,0.159375,0.55,0.0006746117376372468,,
466,4660,0.24790304750204087,0.08653977625072003,0.16136326789855956,0.1233446978032589,0.1671875,0.5125,0.0006746117376372468,,
467,4670,0.23000181764364241,0.08873177580535412,0.14127004146575928,0.11374897435307503,0.19375,0.4859375,0.0006746117376372468,,
468,4680,0.24093938767910003,0.09370360299944877,0.14723578691482545,0.12426782324910164,0.178125,0.5078125,0.0006746117376372468,,
469,4690,0.23873793482780456,0.0883780762553215,0.15035985708236693,0.11805793270468712,0.1625,0.4921875,0.0006696995911625233,,
470,4700,0.23040591031312943,0.09762989841401577,0.1327760100364685,0.12598515525460244,0.134375,0.515625,0.0006696995911625233,,
471,4710,0.21291996091604232,0.07916846647858619,0.13375149369239808,0.12920967787504195,0.1671875,0.5125,0.0006696995911625233,,
472,4720,0.22018256783485413,0.08497729822993279,0.13520526885986328,0.1244870513677597,0.1640625,0.5171875,0.0006696995911625233,,
473,4730,0.2084235355257988,0.08380326256155968,0.12462027072906494,0.11250336170196533,0.175,0.465625,0.0006647688900459224,,
474,4740,0.23416473865509033,0.09764944016933441,0.1365152955055237,0.12170708924531937,0.1609375,0.5125,0.0006647688900459224,,
475,4750,0.21451685577630997,0.07777309007942676,0.13674376606941224,0.1255571611225605,0.15,0.5203125,0.0006647688900459224,,
476,4760,0.22458092719316483,0.08177307397127151,0.14280785322189332,0.126084553450346,0.1625,0.51875,0.0006647688900459224,,
477,4770,0.22452831268310547,0.0943670243024826,0.13016128540039062,0.1266936607658863,0.1640625,0.521875,0.000659820174994386,,
478,4780,0.23132266700267792,0.0881365392357111,0.14318612217903137,0.11663768365979195,0.171875,0.484375,0.000659820174994386,,
479,4790,0.19721180200576782,0.07607711441814899,0.12113468647003174,0.11085964590311051,0.15625,0.4859375,0.000659820174994386,,
480,4800,0.24711123406887053,0.09143306650221347,0.15567816495895387,0.12661033049225806,0.134375,0.525,0.000659820174994386,0.5670053047493624,0.40025115396999134
481,4810,0.21988765448331832,0.07387416325509548,0.14601349234580993,0.11667990908026696,0.146875,0.5078125,0.0006548539886902864,,
482,4820,0.24577563852071763,0.0949112482368946,0.1508643865585327,0.12133390232920646,0.15625,0.5109375,0.0006548539886902864,,
483,4830,0.2425052657723427,0.0929475013166666,0.14955776333808898,0.11802617013454438,0.15625,0.528125,0.0006548539886902864,,
484,4840,0.23908787816762925,0.08710477203130722,0.15198310613632202,0.11954868584871292,0.16875,0.4921875,0.0006548539886902864,,
485,4850,0.22520190924406053,0.08925996087491513,0.13594194650650024,0.12315574139356614,0.178125,0.4984375,0.0006498708757319155,,
486,4860,0.219809203594923,0.08540533483028412,0.1344038724899292,0.12167756855487824,0.14375,0.5109375,0.0006498708757319155,,
487,4870,0.2488076865673065,0.0973666962236166,0.15144099593162536,0.11809243783354759,0.159375,0.5078125,0.0006498708757319155,,
488,4880,0.20139290541410446,0.07681533843278884,0.12457756996154785,0.12529147043824196,0.1890625,0.50625,0.0006498708757319155,,
489,4890,0.2156258150935173,0.08119536004960537,0.134430456161499,0.12309295982122422,0.178125,0.503125,0.0006448713825737638,,
490,4900,0.2110837519168854,0.08320685662329197,0.12787689566612243,0.11861522123217583,0.171875,0.4734375,0.0006448713825737638,,
491,4910,0.2097770795226097,0.08462219201028347,0.12515488862991334,0.11987142488360406,0.1578125,0.478125,0.0006448713825737638,,
492,4920,0.24902234673500062,0.09845094084739685,0.15057141184806824,0.11478769555687904,0.165625,0.5125,0.0006448713825737638,,
493,4930,0.24412402510643005,0.09976974241435528,0.14435428380966187,0.12541154846549035,0.175,0.490625,0.0006398560574665953,,
494,4940,0.21977849677205086,0.07242250517010689,0.14735599160194396,0.11826707348227501,0.1953125,0.465625,0.0006398560574665953,,
495,4950,0.22486582696437835,0.09157914817333221,0.13328667879104614,0.13367396742105483,0.1453125,0.528125,0.0006398560574665953,,
496,4960,0.20922795832157134,0.08016101084649563,0.12906694412231445,0.1143882267177105,0.171875,0.471875,0.0006398560574665953,,
497,4970,0.23594267517328263,0.08614972755312919,0.14979294538497925,0.1220005564391613,0.1578125,0.503125,0.0006348254503973254,,
498,4980,0.1916873648762703,0.06931506916880607,0.12237229943275452,0.11519912332296371,0.184375,0.4609375,0.0006348254503973254,,
499,4990,0.26723453104496003,0.10802146345376969,0.15921306610107422,0.11638906002044677,0.1359375,0.5125,0.0006348254503973254,,
500,5000,0.2701733559370041,0.09509167969226837,0.17508167624473572,0.11464370042085648,0.1703125,0.4953125,0.0006348254503973254,,
501,5010,0.2091047450900078,0.07109634391963482,0.13800840377807616,0.11056032553315162,0.171875,0.475,0.0006297801130287095,,
502,5020,0.2263116493821144,0.09133892506361008,0.13497272729873658,0.12485749870538712,0.1625,0.5359375,0.0006297801130287095,,
503,5030,0.23695455938577653,0.10041787028312683,0.13653669357299805,0.13244678378105162,0.1546875,0.525,0.0006297801130287095,,
504,5040,0.22638346552848815,0.08496503494679927,0.1414184272289276,0.11840222254395485,0.1640625,0.484375,0.0006297801130287095,,
505,5050,0.23316054344177245,0.09053296782076359,0.14262757301330567,0.1327596828341484,0.1296875,0.5390625,0.0006247205986388451,,
506,5060,0.23412156701087952,0.09361520633101464,0.14050636291503907,0.12562591955065727,0.1640625,0.521875,0.0006247205986388451,,
507,5070,0.24153156578540802,0.09540254399180412,0.1461290240287781,0.12267518043518066,0.1625,0.515625,0.0006247205986388451,,
508,5080,0.30007936656475065,0.11790321990847588,0.18217614889144898,0.12183003053069115,0.15625,0.4984375,0.0006247205986388451,,
509,5090,0.2510607287287712,0.09524348936975002,0.15581724047660828,0.11591285765171051,0.1625,0.5078125,0.0006196474620605014,,
510,5100,0.22182838320732118,0.09843325577676296,0.12339512705802917,0.11727493926882744,0.1578125,0.484375,0.0006196474620605014,,
511,5110,0.23055971711874007,0.09220534637570381,0.13835436701774598,0.1305254228413105,0.146875,0.5515625,0.0006196474620605014,,
512,5120,0.22899840921163558,0.09441117569804192,0.13458723425865174,0.12633380219340323,0.1734375,0.4921875,0.0006196474620605014,,
513,5130,0.24447072744369508,0.09840077683329582,0.1460699498653412,0.12987683117389678,0.1734375,0.5359375,0.0006145612596202728,,
514,5140,0.2308680832386017,0.08530272096395493,0.14556536078453064,0.11340991854667663,0.1859375,0.465625,0.0006145612596202728,,
515,5150,0.21231894493103026,0.07902651578187943,0.13329243063926696,0.12723737210035324,0.1640625,0.5125,0.0006145612596202728,,
516,5160,0.23347177952528,0.09422410428524017,0.1392476737499237,0.12364140525460243,0.165625,0.51875,0.0006145612596202728,,
517,5170,0.22823729664087294,0.08768441677093505,0.14055287837982178,0.11795666515827179,0.1671875,0.509375,0.0006094625490775733,,
518,5180,0.2204993337392807,0.08121376559138298,0.1392855703830719,0.12848784476518632,0.153125,0.5140625,0.0006094625490775733,,
519,5190,0.22267766147851945,0.0883510246872902,0.13432663679122925,0.12011369615793228,0.1359375,0.5,0.0006094625490775733,,
520,5200,0.2143111139535904,0.07950896993279458,0.1348021447658539,0.11637498214840888,0.1796875,0.4984375,0.0006094625490775733,0.49504985812039515,0.3334041340123216
521,5210,0.24978983402252197,0.08303370103240013,0.16675612926483155,0.12821717336773872,0.1546875,0.5265625,0.000604351889563471,,
522,5220,0.26398736536502837,0.10348987951874733,0.16049748063087463,0.1233566552400589,0.1546875,0.521875,0.000604351889563471,,
523,5230,0.21376389265060425,0.07555028796195984,0.1382136046886444,0.11727593690156937,0.16875,0.4984375,0.000604351889563471,,
524,5240,0.2076526939868927,0.07780084945261478,0.1298518419265747,0.12234310060739517,0.1546875,0.4875,0.000604351889563471,,
525,5250,0.22154733240604402,0.08244521543383598,0.1391021192073822,0.11743948459625245,0.19375,0.4921875,0.0005992298415193736,,
526,5260,0.22806840091943742,0.09495851807296277,0.1331098794937134,0.12971253395080568,0.1484375,0.5109375,0.0005992298415193736,,
527,5270,0.2268305554986,0.08898456767201424,0.1378459870815277,0.1283198118209839,0.1515625,0.5140625,0.0005992298415193736,,
528,5280,0.21245193630456924,0.08849012292921543,0.12396181225776673,0.11666882336139679,0.1796875,0.490625,0.0005992298415193736,,
529,5290,0.24467942863702774,0.08774742521345616,0.1569320023059845,0.12250029593706131,0.15625,0.5125,0.0005940969666355697,,
530,5300,0.2480156823992729,0.08056775107979774,0.16744793057441712,0.12525198608636856,0.1578125,0.525,0.0005940969666355697,,
531,5310,0.20720579773187636,0.07322273775935173,0.13398305773735047,0.11550952717661858,0.1359375,0.4765625,0.0005940969666355697,,
532,5320,0.20159008651971816,0.06957231424748897,0.1320177733898163,0.10839419960975646,0.1625,0.4640625,0.0005940969666355697,,
533,5330,0.20724146515130998,0.07747876644134521,0.12976269721984862,0.11980179473757743,0.1703125,0.4953125,0.000588953827789632,,
534,5340,0.18532505333423616,0.06686670407652855,0.11845834851264954,0.11638283133506774,0.165625,0.478125,0.000588953827789632,,
535,5350,0.23020893037319184,0.07943664006888866,0.15077229142189025,0.11204547211527824,0.184375,0.4625,0.000588953827789632,,
536,5360,0.2432184174656868,0.0956300176680088,0.14758840203285217,0.1260645017027855,0.1453125,0.5140625,0.000588953827789632,,
537,5370,0.20463817119598388,0.06778923161327839,0.13684893846511842,0.12243016883730888,0.1515625,0.4984375,0.0005838009889846932,,
538,5380,0.21579013764858246,0.07208206951618194,0.1437080681324005,0.11597103103995324,0.1640625,0.4875,0.0005838009889846932,,
539,5390,0.21790312230587006,0.08035703897476196,0.13754608631134033,0.12135632336139679,0.171875,0.5078125,0.0005838009889846932,,
540,5400,0.224789497256279,0.08245686143636703,0.14233263731002807,0.12323732599616051,0.1703125,0.5015625,0.0005838009889846932,,
541,5410,0.23872906416654588,0.08930796124041081,0.14942110180854798,0.11628031432628631,0.1625,0.49375,0.0005786390152875954,,
542,5420,0.22065163254737855,0.0854740660637617,0.1351775646209717,0.12052711769938469,0.15625,0.5078125,0.0005786390152875954,,
543,5430,0.21998003870248795,0.0814345482736826,0.13854548931121827,0.12188010364770889,0.190625,0.5015625,0.0005786390152875954,,
544,5440,0.22165089398622512,0.08816555216908455,0.13348534107208251,0.11567918211221695,0.15625,0.46875,0.0005786390152875954,,
545,5450,0.20743054896593094,0.07468101643025875,0.13274953365325928,0.12156745418906212,0.1765625,0.4984375,0.0005734684727669247,,
546,5460,0.2353316754102707,0.09465563669800758,0.14067603945732116,0.12936201840639114,0.15,0.5515625,0.0005734684727669247,,
547,5470,0.22738128155469894,0.07762066498398781,0.1497606158256531,0.11998078972101212,0.1484375,0.4875,0.0005734684727669247,,
548,5480,0.2286723956465721,0.07830451615154743,0.1503678798675537,0.11977551355957985,0.1609375,0.5125,0.0005734684727669247,,
549,5490,0.21955516040325165,0.07955741919577122,0.1399977445602417,0.11199004277586937,0.1671875,0.4828125,0.0005682899284309351,,
550,5500,0.2512639805674553,0.09329634383320809,0.1579676389694214,0.11523649021983147,0.159375,0.4765625,0.0005682899284309351,,
551,5510,0.22241488397121428,0.07175901085138321,0.15065587162971497,0.1203775204718113,0.1703125,0.490625,0.0005682899284309351,,
552,5520,0.23612450808286667,0.09464991949498654,0.141474586725235,0.12322362586855888,0.1609375,0.5265625,0.0005682899284309351,,
553,5530,0.22967098653316498,0.07314525954425335,0.15652572512626647,0.11292064115405083,0.1875,0.478125,0.00056310395016537,,
554,5540,0.22712298035621642,0.0818746991455555,0.14524828195571898,0.12270881310105324,0.18125,0.4875,0.00056310395016537,,
555,5550,0.20539842694997787,0.07096429206430913,0.13443413376808167,0.12211291119456291,0.165625,0.496875,0.00056310395016537,,
556,5560,0.25057045072317125,0.1054303266108036,0.14514012336730958,0.1362882636487484,0.140625,0.5453125,0.00056310395016537,,
557,5570,0.21573877781629563,0.07508987374603748,0.14064890146255493,0.10324619710445404,0.1703125,0.478125,0.000557911106671187,,
558,5580,0.22089132219552993,0.08079154044389725,0.14009978175163268,0.1242711864411831,0.15,0.50625,0.000557911106671187,,
559,5590,0.21587036550045013,0.07666346542537213,0.13920689821243287,0.11519787460565567,0.178125,0.4859375,0.000557911106671187,,
560,5600,0.21701587587594987,0.07829589396715164,0.13871998190879822,0.12440272346138954,0.16875,0.50625,0.000557911106671187,0.5967668026320221,0.4310168853955402
561,5610,0.22073103189468385,0.08121371269226074,0.1395173192024231,0.11633773893117905,0.146875,0.4859375,0.0005527119674021931,,
562,5620,0.2081454172730446,0.07709299363195896,0.13105242252349852,0.11099641509354115,0.1921875,0.484375,0.0005527119674021931,,
563,5630,0.21246267408132552,0.07918963879346848,0.13327303528785706,0.12086293548345566,0.15625,0.5109375,0.0005527119674021931,,
564,5640,0.22954656630754472,0.08649476170539856,0.14305180311203003,0.1219712845981121,0.159375,0.525,0.0005527119674021931,,
565,5650,0.2023734673857689,0.06613649614155293,0.136236971616745,0.11431286707520485,0.19375,0.496875,0.000547507102502598,,
566,5660,0.20713021457195283,0.07579872719943523,0.13133148550987245,0.12130064442753792,0.165625,0.484375,0.000547507102502598,,
567,5670,0.2127411901950836,0.08687432408332825,0.12586686611175538,0.11812768802046776,0.165625,0.490625,0.000547507102502598,,
568,5680,0.21670431643724442,0.07941594868898391,0.1372883677482605,0.1199901320040226,0.18125,0.4984375,0.000547507102502598,,
569,5690,0.231737357378006,0.08295923918485641,0.14877811670303345,0.12573080137372017,0.165625,0.5203125,0.0005422970827444917,,
570,5700,0.2015627220273018,0.08308869041502476,0.11847403049468994,0.11864250227808952,0.1765625,0.475,0.0005422970827444917,,
571,5710,0.2187689334154129,0.08282288499176502,0.1359460473060608,0.11787071824073792,0.16875,0.503125,0.0005422970827444917,,
572,5720,0.2229783669114113,0.08226191438734531,0.14071645140647887,0.1289629228413105,0.175,0.51875,0.0005422970827444917,,
573,5730,0.21726712435483933,0.07835208401083946,0.1389150381088257,0.12677014246582985,0.1671875,0.521875,0.0005370824794652521,,
574,5740,0.21038863956928253,0.0843375127762556,0.12605112195014953,0.12739207744598388,0.175,0.5015625,0.0005370824794652521,,
575,5750,0.2427636668086052,0.08776070326566696,0.15500295758247376,0.12489412054419517,0.140625,0.509375,0.0005370824794652521,,
576,5760,0.21581892669200897,0.07802702449262142,0.13779190182685852,0.1252519853413105,0.178125,0.4953125,0.0005370824794652521,,
577,5770,0.23946239352226256,0.09325886592268944,0.14620352983474733,0.12238931357860565,0.153125,0.5078125,0.0005318638645048922,,
578,5780,0.22095249742269515,0.08096379116177559,0.13998870849609374,0.12368662059307098,0.14375,0.5203125,0.0005318638645048922,,
579,5790,0.20984439700841903,0.0771657794713974,0.1326786160469055,0.12248460203409195,0.1765625,0.5,0.0005318638645048922,,
580,5800,0.21566304713487625,0.08318737335503101,0.13247567415237427,0.11427773907780647,0.165625,0.475,0.0005318638645048922,,
581,5810,0.24652394354343415,0.1049190767109394,0.14160486459732055,0.1177620992064476,0.1640625,0.5078125,0.0005266418101433506,,
582,5820,0.20063449591398239,0.07193932086229324,0.12869517803192138,0.11677719056606292,0.1640625,0.4859375,0.0005266418101433506,,
583,5830,0.23290368616580964,0.0960214700549841,0.1368822157382965,0.10795001462101936,0.175,0.4625,0.0005266418101433506,,
584,5840,0.22712061405181885,0.09134944044053554,0.13577117323875426,0.12499787956476212,0.1421875,0.48125,0.0005266418101433506,,
585,5850,0.23270896822214127,0.08825645223259926,0.1444525182247162,0.11385746821761131,0.153125,0.4984375,0.0005214168890377354,,
586,5860,0.21573163866996764,0.07709402218461037,0.13863761425018312,0.11557479873299599,0.1625,0.4953125,0.0005214168890377354,,
587,5870,0.19177141636610032,0.07003125995397567,0.12174015641212463,0.12047891318798065,0.15625,0.509375,0.0005214168890377354,,
588,5880,0.1923636496067047,0.07402120381593705,0.11834244728088379,0.11952576711773873,0.1453125,0.503125,0.0005214168890377354,,
589,5890,0.20707011222839355,0.07523315735161304,0.13183695673942566,0.11479267627000808,0.184375,0.475,0.0005161896741595251,,
590,5900,0.21637471616268159,0.07995485998690129,0.13641985654830932,0.12053558826446534,0.1484375,0.5140625,0.0005161896741595251,,
591,5910,0.21809308528900145,0.08564294651150703,0.1324501395225525,0.11313476338982582,0.1515625,0.4890625,0.0005161896741595251,,
592,5920,0.20002346783876418,0.07340137511491776,0.12662209272384645,0.11949873715639114,0.1515625,0.484375,0.0005161896741595251,,
593,5930,0.20403219312429427,0.07421006336808204,0.12982212901115417,0.12397597581148148,0.1734375,0.484375,0.0005109607387317369,,
594,5940,0.22160177081823348,0.09373303316533566,0.12786873579025268,0.11816206797957421,0.1890625,0.4828125,0.0005109607387317369,,
595,5950,0.22204140573740005,0.09508091174066066,0.12696049213409424,0.11682788729667663,0.1578125,0.4921875,0.0005109607387317369,,
596,5960,0.2135079711675644,0.07548830509185792,0.1380196690559387,0.12152199000120163,0.1734375,0.49375,0.0005109607387317369,,
597,5970,0.21031177043914795,0.08019463047385215,0.13011714220046997,0.12656648457050323,0.1640625,0.5125,0.0005057306561660649,,
598,5980,0.18761298805475235,0.07482527419924737,0.11278771162033081,0.11982396692037582,0.1859375,0.4703125,0.0005057306561660649,,
599,5990,0.20927823036909105,0.07807695269584655,0.1312012791633606,0.1200814351439476,0.171875,0.5203125,0.0005057306561660649,,
600,6000,0.22181354463100433,0.07812619656324386,0.1436873495578766,0.11145044267177581,0.175,0.46875,0.0005057306561660649,0.6911453140246934,0.5327347873549543
601,6010,0.209408737719059,0.07838919758796692,0.13101953864097596,0.11279122233390808,0.1875,0.478125,0.0005005000000000001,,
602,6020,0.20729792416095733,0.07893042713403702,0.1283674955368042,0.12028920501470566,0.1703125,0.5046875,0.0005005000000000001,,
603,6030,0.22649047374725342,0.08396329805254936,0.142527174949646,0.11687310338020325,0.1703125,0.503125,0.0005005000000000001,,
604,6040,0.21538378596305846,0.07994946762919426,0.13543431758880614,0.11841530278325081,0.153125,0.4875,0.0005005000000000001,,
605,6050,0.16052735596895218,0.061803049966692926,0.09872430562973022,0.11641608625650406,0.1671875,0.4828125,0.0004952693438339353,,
606,6060,0.18321865499019624,0.07134070247411728,0.11187795400619507,0.12207890450954437,0.178125,0.49375,0.0004952693438339353,,
607,6070,0.2194726899266243,0.08634694181382656,0.13312574625015258,0.1216984935104847,0.153125,0.490625,0.0004952693438339353,,
608,6080,0.19631860107183458,0.06889092177152634,0.12742767930030824,0.12048451900482178,0.140625,0.521875,0.0004952693438339353,,
609,6090,0.20535778403282165,0.07843881659209728,0.1269189715385437,0.12144451215863228,0.140625,0.5234375,0.0004900392612682634,,
610,6100,0.23220461755990982,0.0855363629758358,0.14666825532913208,0.11941964104771614,0.1796875,0.4890625,0.0004900392612682634,,
611,6110,0.21674515902996064,0.07227400504052639,0.14447115659713744,0.1233039677143097,0.1609375,0.5015625,0.0004900392612682634,,
612,6120,0.20925218760967254,0.07992885448038578,0.1293233335018158,0.1274754099547863,0.1625,0.51875,0.0004900392612682634,,
613,6130,0.2055491700768471,0.06967404745519161,0.13587512373924254,0.11837581396102906,0.1734375,0.5,0.00048481032584047495,,
614,6140,0.21981511861085892,0.08488036580383777,0.13493475317955017,0.1212757334113121,0.1625,0.4953125,0.00048481032584047495,,
615,6150,0.1969242736697197,0.06874459758400916,0.12817967534065247,0.10946119502186775,0.1546875,0.465625,0.00048481032584047495,,
616,6160,0.25757805109024046,0.09266603998839855,0.16491200923919677,0.11144782677292824,0.184375,0.5171875,0.00048481032584047495,,
617,6170,0.21007136553525924,0.07552548199892044,0.13454588651657104,0.1257468692958355,0.178125,0.4890625,0.0004795831109622648,,
618,6180,0.22247911542654036,0.07669591605663299,0.14578319787979127,0.12671172246336937,0.1515625,0.521875,0.0004795831109622648,,
619,6190,0.21417203396558762,0.08019542843103408,0.13397660255432128,0.12837200313806535,0.140625,0.5390625,0.0004795831109622648,,
620,6200,0.18597071766853332,0.06811375692486762,0.11785696148872375,0.12131608948111534,0.1515625,0.509375,0.0004795831109622648,,
621,6210,0.194855135679245,0.07546758949756623,0.11938754916191101,0.12280484810471534,0.1609375,0.5015625,0.0004743581898566495,,
622,6220,0.20827842131257057,0.08849169053137303,0.11978673338890075,0.13121511936187744,0.15625,0.54375,0.0004743581898566495,,
623,6230,0.2203156530857086,0.08496558666229248,0.13535006642341613,0.12520315870642662,0.14375,0.5109375,0.0004743581898566495,,
624,6240,0.217097407579422,0.08122271820902824,0.1358746886253357,0.11423414349555969,0.1625,0.484375,0.0004743581898566495,,
625,6250,0.22999285906553268,0.08701910860836506,0.14297375082969666,0.11634707897901535,0.1515625,0.4984375,0.00046913613549510807,,
626,6260,0.21928390115499496,0.08157804720103741,0.13770585060119628,0.11572527140378952,0.178125,0.48125,0.00046913613549510807,,
627,6270,0.19578858017921447,0.07034264989197254,0.1254459261894226,0.1220705583691597,0.16875,0.5046875,0.00046913613549510807,,
628,6280,0.19364285469055176,0.07500246949493886,0.11864038705825805,0.12283549159765243,0.1578125,0.50625,0.00046913613549510807,,
629,6290,0.20484959930181504,0.07612130120396614,0.12872830033302307,0.12259994596242904,0.1546875,0.5171875,0.00046391752053474806,,
630,6300,0.21176571696996688,0.08071789480745792,0.13104782700538636,0.11107501238584519,0.1703125,0.4828125,0.00046391752053474806,,
631,6310,0.21818618923425676,0.08536314107477665,0.13282305002212524,0.1183480367064476,0.165625,0.4890625,0.00046391752053474806,,
632,6320,0.21896910965442656,0.08387719802558422,0.13509191274642945,0.11941839531064033,0.159375,0.4859375,0.00046391752053474806,,
633,6330,0.21013466268777847,0.07957082204520702,0.13056384325027465,0.11422529965639114,0.171875,0.5,0.0004587029172555084,,
634,6340,0.20703777372837068,0.07945542335510254,0.1275823473930359,0.11101285815238952,0.1515625,0.490625,0.0004587029172555084,,
635,6350,0.2410547912120819,0.09214863628149032,0.14890615344047547,0.11631606444716454,0.1765625,0.5015625,0.0004587029172555084,,
636,6360,0.2029946565628052,0.07950859479606151,0.12348605990409851,0.10171658024191857,0.209375,0.4296875,0.0004587029172555084,,
637,6370,0.23057914078235625,0.08091872707009315,0.14966041445732117,0.12446238920092582,0.1421875,0.5125,0.0004534928974974021,,
638,6380,0.21113723367452622,0.08732624426484108,0.12381098866462707,0.1190503142774105,0.1859375,0.490625,0.0004534928974974021,,
639,6390,0.18400662690401076,0.07840842083096504,0.10559820532798767,0.11355889439582825,0.1546875,0.478125,0.0004534928974974021,,
640,6400,0.20073241442441941,0.07538826800882817,0.12534414529800414,0.11676647961139679,0.1953125,0.465625,0.0004534928974974021,0.5979673435369776,0.4309875750960366
641,6410,0.21103544235229493,0.07946189045906067,0.13157355189323425,0.12206345871090889,0.1796875,0.5078125,0.0004482880325978072,,
642,6420,0.19586846828460694,0.08603236638009548,0.10983610153198242,0.12906381711363793,0.171875,0.4828125,0.0004482880325978072,,
643,6430,0.20874887853860855,0.07803046852350234,0.1307184100151062,0.11859591454267501,0.1578125,0.5,0.0004482880325978072,,
644,6440,0.2171494796872139,0.08163523524999619,0.13551424145698548,0.1121553361415863,0.1796875,0.475,0.0004482880325978072,,
645,6450,0.19320035129785537,0.068238028511405,0.124962317943573,0.11125400736927986,0.2015625,0.46875,0.0004430888933288132,,
646,6460,0.2197416126728058,0.08742042146623134,0.13232119083404542,0.11169769689440727,0.165625,0.4859375,0.0004430888933288132,,
647,6470,0.17295023575425147,0.06106775142252445,0.111882483959198,0.12067198306322098,0.159375,0.49375,0.0004430888933288132,,
648,6480,0.2298380121588707,0.08248350955545902,0.14735450148582457,0.11917300894856453,0.171875,0.4875,0.0004430888933288132,,
649,6490,0.20847993046045304,0.08170690573751926,0.12677302360534667,0.1172451689839363,0.16875,0.5234375,0.0004378960498346301,,
650,6500,0.21509402394294738,0.08078823797404766,0.13430578708648683,0.11717292442917823,0.178125,0.5125,0.0004378960498346301,,
651,6510,0.18447985053062438,0.06661538183689117,0.11786447167396545,0.11041533574461937,0.190625,0.4703125,0.0004378960498346301,,
652,6520,0.21619417816400527,0.07989869713783264,0.13629547953605653,0.115769362449646,0.1625,0.4984375,0.0004378960498346301,,
653,6530,0.18592339158058166,0.06871722340583801,0.11720616817474365,0.11760216280817985,0.1515625,0.5078125,0.000432710071569065,,
654,6540,0.21750321686267854,0.08247143216431141,0.13503178358078002,0.13108769580721855,0.171875,0.5359375,0.000432710071569065,,
655,6550,0.21176100820302962,0.07851121723651885,0.13324978947639465,0.11640500500798226,0.1484375,0.4921875,0.000432710071569065,,
656,6560,0.20808926671743394,0.07533489316701888,0.13275437355041503,0.12274804860353469,0.159375,0.5140625,0.000432710071569065,,
657,6570,0.1988251820206642,0.07220664843916894,0.12661853432655334,0.1239467054605484,0.15625,0.503125,0.0004275315272330756,,
658,6580,0.2011601984500885,0.07746958248317241,0.12369061708450317,0.12328540682792663,0.18125,0.4984375,0.0004275315272330756,,
659,6590,0.19083660691976548,0.07045162543654442,0.12038497924804688,0.11810489520430564,0.1546875,0.4921875,0.0004275315272330756,,
660,6600,0.1942433938384056,0.07122737653553486,0.12301601767539978,0.11271249875426292,0.1890625,0.4515625,0.0004275315272330756,,
661,6610,0.18464457094669343,0.0655307985842228,0.11911377310752869,0.12016601338982583,0.1546875,0.5078125,0.0004223609847124048,,
662,6620,0.18552637100219727,0.06583725027740002,0.1196891188621521,0.11329731643199921,0.1609375,0.4890625,0.0004223609847124048,,
663,6630,0.17955745309591292,0.06385020054876804,0.11570725440979004,0.12135893851518631,0.153125,0.475,0.0004223609847124048,,
664,6640,0.2316697895526886,0.0905746228992939,0.14109516739845276,0.12228642553091049,0.1515625,0.5125,0.0004223609847124048,,
665,6650,0.2086131289601326,0.07910205200314521,0.1295110762119293,0.11671142429113388,0.1890625,0.4984375,0.0004171990110153068,,
666,6660,0.1796327866613865,0.06514461319893598,0.11448817253112793,0.1164067454636097,0.1609375,0.496875,0.0004171990110153068,,
667,6670,0.20896902531385422,0.08172480128705502,0.12724422216415404,0.12314539924263954,0.153125,0.51875,0.0004171990110153068,,
668,6680,0.1995950385928154,0.07552161365747452,0.12407342791557312,0.1239929161965847,0.146875,0.4984375,0.0004171990110153068,,
669,6690,0.20910833328962325,0.0720993384718895,0.13700899481773376,0.11826283559203148,0.159375,0.4953125,0.00041204617221036815,,
670,6700,0.19003019332885743,0.07043968513607979,0.1195905089378357,0.11104686185717583,0.1984375,0.4515625,0.00041204617221036815,,
671,6710,0.17103860676288604,0.06468309536576271,0.10635551214218139,0.11761536598205566,0.1796875,0.4796875,0.00041204617221036815,,
672,6720,0.21047714501619338,0.08300879001617431,0.12746835350990296,0.12306567952036858,0.1640625,0.5078125,0.00041204617221036815,,
673,6730,0.2107715979218483,0.07500390261411667,0.13576769232749938,0.12269411236047745,0.1703125,0.50625,0.00040690303336443054,,
674,6740,0.20715887248516082,0.07321270368993282,0.13394616842269896,0.1171235978603363,0.165625,0.4890625,0.00040690303336443054,,
675,6750,0.17945648729801178,0.06641969382762909,0.11303679347038269,0.12595588266849517,0.1453125,0.515625,0.00040690303336443054,,
676,6760,0.19147533029317856,0.0730883613228798,0.11838696599006653,0.12493323162198067,0.175,0.4921875,0.00040690303336443054,,
677,6770,0.1880580112338066,0.06685220152139663,0.12120580673217773,0.10788524150848389,0.1578125,0.48125,0.00040177015848062643,,
678,6780,0.21564371585845948,0.08470123447477818,0.13094248175621032,0.12684350833296776,0.1546875,0.5234375,0.00040177015848062643,,
679,6790,0.2323643907904625,0.09021450020372868,0.14214988946914672,0.12197240516543388,0.15625,0.4953125,0.00040177015848062643,,
680,6800,0.2237005725502968,0.07913205511868,0.14456851482391359,0.12065442129969597,0.15,0.5140625,0.00040177015848062643,0.5893618080803144,0.42150183384697415
681,6810,0.20399774760007858,0.06635292023420333,0.13764482736587524,0.12396862655878067,0.1453125,0.5140625,0.00039664811043652916,,
682,6820,0.19963663965463638,0.07305705770850182,0.12657958269119263,0.10915601998567581,0.1609375,0.465625,0.00039664811043652916,,
683,6830,0.1804177477955818,0.06785672605037689,0.11256102323532105,0.11261409595608711,0.1453125,0.4765625,0.00039664811043652916,,
684,6840,0.2088125005364418,0.07978466637432576,0.1290278375148773,0.12055937871336937,0.1546875,0.4953125,0.00039664811043652916,,
685,6850,0.2110542342066765,0.07050132676959038,0.14055290818214417,0.11530337855219841,0.1578125,0.496875,0.000391537450922427,,
686,6860,0.21813051849603654,0.07433221638202667,0.1437982976436615,0.12043618559837341,0.1484375,0.5015625,0.000391537450922427,,
687,6870,0.1923286572098732,0.0657669346779585,0.12656171917915343,0.10657821595668793,0.1625,0.46875,0.000391537450922427,,
688,6880,0.19039180874824524,0.07452660202980041,0.11586520671844483,0.1199333317577839,0.190625,0.4734375,0.000391537450922427,,
689,6890,0.1984943449497223,0.06949842348694801,0.1289959192276001,0.12283511608839034,0.14375,0.5140625,0.00038643874037972754,,
690,6900,0.228386814892292,0.09006357640028,0.13832324147224426,0.1257579542696476,0.1625,0.5296875,0.00038643874037972754,,
691,6910,0.21594833284616471,0.08703909851610661,0.12890923619270325,0.11763978004455566,0.153125,0.49375,0.00038643874037972754,,
692,6920,0.20793528556823732,0.08346724510192871,0.12446804046630859,0.12085209824144841,0.1640625,0.5,0.00038643874037972754,,
693,6930,0.20114762783050538,0.07324212752282619,0.12790549993515016,0.13137468323111534,0.1515625,0.540625,0.00038135253793949894,,
694,6940,0.219719098508358,0.08511940091848373,0.13459969758987428,0.12031461298465729,0.1859375,0.4859375,0.00038135253793949894,,
695,6950,0.2308552548289299,0.09623044580221177,0.13462480902671814,0.12515096589922906,0.159375,0.509375,0.00038135253793949894,,
696,6960,0.19253943115472794,0.06864269375801087,0.12389673590660095,0.10797692015767098,0.1671875,0.4796875,0.00038135253793949894,,
697,6970,0.21418845802545547,0.08119328022003174,0.1329951763153076,0.12244362235069275,0.1765625,0.509375,0.0003762794013611551,,
698,6980,0.22947720289230347,0.08735352493822575,0.14212367534637452,0.12991046234965326,0.153125,0.5203125,0.0003762794013611551,,
699,6990,0.17709448486566542,0.07175690308213234,0.10533758401870727,0.1283787287771702,0.15625,0.50625,0.0003762794013611551,,
700,7000,0.2100175902247429,0.08419706262648105,0.125820529460907,0.11892251446843147,0.15,0.4828125,0.0003762794013611551,,
701,7010,0.2047138497233391,0.07273341417312622,0.1319804310798645,0.11778265312314033,0.16875,0.5015625,0.00037121988697129095,,
702,7020,0.2121075853705406,0.07451508566737175,0.13759250044822693,0.12843191847205163,0.1328125,0.5453125,0.00037121988697129095,,
703,7030,0.18498727828264236,0.07006565667688847,0.11492162346839904,0.11734195277094842,0.1859375,0.490625,0.00037121988697129095,,
704,7040,0.20949123352766036,0.07373638823628426,0.1357548475265503,0.1155355617403984,0.1890625,0.4796875,0.00037121988697129095,,
705,7050,0.19949141889810562,0.06926620118319989,0.13022521734237671,0.1111613355576992,0.1390625,0.4875,0.00036617454960267493,,
706,7060,0.20341023355722426,0.08102921657264232,0.12238101959228516,0.12112899795174599,0.159375,0.5125,0.00036617454960267493,,
707,7070,0.19688378423452377,0.07472415529191494,0.12215963006019592,0.12067771404981613,0.1625,0.5,0.00036617454960267493,,
708,7080,0.20276711136102676,0.07424560822546482,0.12852150201797485,0.12416580766439438,0.14375,0.51875,0.00036617454960267493,,
709,7090,0.2009828954935074,0.07127423025667667,0.12970866560935973,0.13268245458602906,0.1234375,0.5546875,0.0003611439425334049,,
710,7100,0.2119130536913872,0.08433582559227944,0.1275772273540497,0.13284313902258874,0.1546875,0.5453125,0.0003611439425334049,,
711,7110,0.21660685092210769,0.0799186535179615,0.13668819665908813,0.12346490174531936,0.1625,0.50625,0.0003611439425334049,,
712,7120,0.23974302411079407,0.10919083915650844,0.1305521845817566,0.11702282726764679,0.1421875,0.4890625,0.0003611439425334049,,
713,7130,0.24034574776887893,0.08569803647696972,0.15464770793914795,0.1303936369717121,0.1546875,0.53125,0.0003561286174262363,,
714,7140,0.19007542878389358,0.06158254630863667,0.12849288582801818,0.11367560923099518,0.1828125,0.465625,0.0003561286174262363,,
715,7150,0.17944713979959487,0.06811615563929081,0.11133098006248474,0.11257249265909194,0.1953125,0.45625,0.0003561286174262363,,
716,7160,0.1965991288423538,0.0747437559068203,0.12185537219047546,0.12138335332274437,0.14375,0.509375,0.0003561286174262363,,
717,7170,0.2126673087477684,0.09291401281952857,0.11975329518318176,0.10791376754641532,0.171875,0.4703125,0.0003511291242680847,,
718,7180,0.20055472254753112,0.07600201442837715,0.12455270886421203,0.12196854278445243,0.146875,0.521875,0.0003511291242680847,,
719,7190,0.20810361951589584,0.0727553702890873,0.13534824848175048,0.12485239058732986,0.1625,0.503125,0.0003511291242680847,,
720,7200,0.18367900550365449,0.06301204413175583,0.12066696286201477,0.11359564140439034,0.1578125,0.4984375,0.0003511291242680847,0.6713913593230789,0.5141961240435081
721,7210,0.1884058639407158,0.07297889068722725,0.11542697548866272,0.11794906780123711,0.1671875,0.471875,0.0003461460113097137,,
722,7220,0.20379354655742646,0.07650120779871941,0.12729234099388123,0.10651294663548469,0.1921875,0.4640625,0.0003461460113097137,,
723,7230,0.18838851973414422,0.07176478393375874,0.11662373542785645,0.10498445257544517,0.1609375,0.4609375,0.0003461460113097137,,
724,7240,0.18671204447746276,0.06730985604226589,0.11940218806266785,0.12042298391461373,0.159375,0.496875,0.0003461460113097137,,
725,7250,0.18631535321474074,0.06928140372037887,0.11703394651412964,0.12175417244434357,0.1765625,0.496875,0.00034117982500561395,,
726,7260,0.21573000997304917,0.08878674730658531,0.12694326639175416,0.11502959281206131,0.1984375,0.4875,0.00034117982500561395,,
727,7270,0.185584919154644,0.06846641600131989,0.117118501663208,0.11971397921442986,0.1453125,0.4953125,0.00034117982500561395,,
728,7280,0.20194180309772491,0.07837181091308594,0.12356998920440673,0.1219423845410347,0.1890625,0.4953125,0.00034117982500561395,,
729,7290,0.20763152092695236,0.07547272369265556,0.13215879797935487,0.127299777418375,0.1375,0.5234375,0.00033623110995407757,,
730,7300,0.20974559038877488,0.07164865359663963,0.13809693455696107,0.11027856841683388,0.1671875,0.4890625,0.00033623110995407757,,
731,7310,0.19156833738088608,0.07218810319900512,0.11938023567199707,0.11655335426330567,0.16875,0.4703125,0.00033623110995407757,,
732,7320,0.1892011970281601,0.07121649347245693,0.1179847002029419,0.118717610090971,0.1765625,0.509375,0.00033623110995407757,,
733,7330,0.1890624836087227,0.06663003787398339,0.12243244647979737,0.11603704616427421,0.165625,0.4796875,0.00033130040883747687,,
734,7340,0.2082439348101616,0.08184908367693425,0.12639485001564027,0.12094277888536453,0.1515625,0.4890625,0.00033130040883747687,,
735,7350,0.2091422975063324,0.07366514913737773,0.13547714948654174,0.12464300468564034,0.1703125,0.5,0.00033130040883747687,,
736,7360,0.18700888603925706,0.06684886775910855,0.1201600193977356,0.11390318274497986,0.16875,0.465625,0.00033130040883747687,,
737,7370,0.19583453685045243,0.07239127457141876,0.12344326376914978,0.12614359930157662,0.153125,0.5171875,0.0003263882623627533,,
738,7380,0.17857114374637603,0.06604390814900399,0.11252723336219787,0.11244743317365646,0.165625,0.4765625,0.0003263882623627533,,
739,7390,0.19529933780431746,0.06682082079350948,0.12847851514816283,0.10770936086773872,0.1796875,0.4640625,0.0003263882623627533,,
740,7400,0.2307024747133255,0.08923713006079197,0.1414653480052948,0.13063267171382903,0.1609375,0.528125,0.0003263882623627533,,
741,7410,0.1833901509642601,0.06428325772285462,0.11910689473152161,0.10759152546525001,0.184375,0.4640625,0.00032149520920212257,,
742,7420,0.18171584382653236,0.06879770793020726,0.11291813850402832,0.130595800280571,0.1625,0.5328125,0.00032149520920212257,,
743,7430,0.19282852858304977,0.0726316250860691,0.1201969027519226,0.12197738736867905,0.1625,0.5125,0.00032149520920212257,,
744,7440,0.18316112607717513,0.06842351481318473,0.11473761200904846,0.12429410889744759,0.165625,0.4828125,0.00032149520920212257,,
745,7450,0.16790322661399842,0.05768010728061199,0.11022312045097352,0.1164216935634613,0.1546875,0.4921875,0.00031662178593400343,,
746,7460,0.2192173883318901,0.0909010998904705,0.12831628918647767,0.10733704641461372,0.153125,0.484375,0.00031662178593400343,,
747,7470,0.22341449409723282,0.08762181587517262,0.13579267859458924,0.11576861813664437,0.1796875,0.478125,0.00031662178593400343,,
748,7480,0.22099943310022355,0.07639114037156106,0.14460829496383668,0.11315556466579438,0.159375,0.51875,0.00031662178593400343,,
749,7490,0.1927187994122505,0.06947096288204194,0.12324783802032471,0.10852025672793389,0.1890625,0.4453125,0.00031176852698417556,,
750,7500,0.2090563267469406,0.07437823005020619,0.13467809557914734,0.12139082700014114,0.1703125,0.521875,0.00031176852698417556,,
751,7510,0.20932533890008925,0.07558364681899547,0.13374169468879699,0.11568142399191857,0.1828125,0.4890625,0.00031176852698417556,,
752,7520,0.20928024351596833,0.081357666477561,0.1279225766658783,0.11939260959625245,0.1609375,0.4953125,0.00031176852698417556,,
753,7530,0.19781747758388518,0.06942089572548867,0.1283965826034546,0.11363537609577179,0.1703125,0.5,0.00030693596456717455,,
754,7540,0.21011025309562684,0.08335743881762028,0.12675281167030333,0.12028509378433228,0.165625,0.51875,0.00030693596456717455,,
755,7550,0.19825897514820098,0.07260966412723065,0.1256493091583252,0.12678907662630082,0.1703125,0.54375,0.00030693596456717455,,
756,7560,0.1703789860010147,0.06519198827445508,0.10518699884414673,0.12781994566321372,0.16875,0.509375,0.00030693596456717455,,
757,7570,0.22375270426273347,0.08340437971055507,0.14034832119941712,0.11962604075670243,0.1953125,0.49375,0.00030212462862792697,,
758,7580,0.21550739854574202,0.07705170586705208,0.13845569491386414,0.1254804328083992,0.165625,0.5140625,0.00030212462862792697,,
759,7590,0.18361878246068955,0.06559870168566703,0.11802008152008056,0.1255040980875492,0.171875,0.50625,0.00030212462862792697,,
760,7600,0.18554458916187286,0.07153433375060558,0.11401025652885437,0.11480625346302986,0.1609375,0.4921875,0.00030212462862792697,0.6820699567173587,0.5244215726441013
761,7610,0.18718568682670594,0.07277119867503642,0.1144144892692566,0.1328497402369976,0.1609375,0.546875,0.00029733504678363775,,
762,7620,0.19145547747612,0.06943007633090019,0.12202540040016174,0.11790982931852341,0.165625,0.5,0.00029733504678363775,,
763,7630,0.17935000658035277,0.0693090759217739,0.11004093289375305,0.121677815169096,0.1609375,0.496875,0.00029733504678363775,,
764,7640,0.22721038833260537,0.08703805916011334,0.1401723325252533,0.11737247183918953,0.1734375,0.4765625,0.00029733504678363775,,
765,7650,0.19754590690135956,0.06935302428901195,0.1281928837299347,0.13108968660235404,0.1265625,0.53125,0.0002925677442659297,,
766,7660,0.1995878040790558,0.06745507568120956,0.1321327269077301,0.11956425830721855,0.165625,0.5125,0.0002925677442659297,,
767,7670,0.18809211254119873,0.06841346397995948,0.11967864632606506,0.11517894268035889,0.1671875,0.48125,0.0002925677442659297,,
768,7680,0.17819084972143173,0.06821656972169876,0.10997427701950073,0.11974798366427422,0.19375,0.4703125,0.0002925677442659297,,
769,7690,0.19836662113666534,0.06536412015557289,0.13300250172615052,0.10986228361725807,0.1859375,0.478125,0.0002878232438632462,,
770,7700,0.1858480155467987,0.07140816524624824,0.11443985104560853,0.12583941891789435,0.153125,0.5140625,0.0002878232438632462,,
771,7710,0.19067819267511368,0.07086113356053829,0.11981706023216247,0.1265147902071476,0.1609375,0.5078125,0.0002878232438632462,,
772,7720,0.19262705296278,0.06313212662935257,0.12949492931365966,0.1267787367105484,0.1671875,0.4984375,0.0002878232438632462,,
773,7730,0.1967618063092232,0.07192480005323887,0.12483700513839721,0.12866235598921777,0.146875,0.5234375,0.00028310206586352245,,
774,7740,0.1855796493589878,0.0675286028534174,0.11805104613304138,0.11128377802670002,0.175,0.4703125,0.00028310206586352245,,
775,7750,0.18519894778728485,0.07037104852497578,0.11482790112495422,0.12729716002941133,0.1484375,0.5109375,0.00028310206586352245,,
776,7760,0.18015915155410767,0.06144953928887844,0.1187096118927002,0.12044988945126534,0.15625,0.484375,0.00028310206586352245,,
777,7770,0.17677623331546782,0.06682666279375553,0.10994957089424133,0.11804198920726776,0.1609375,0.49375,0.00027840472799712883,,
778,7780,0.21669946610927582,0.08662478439509869,0.13007467985153198,0.1139878861606121,0.190625,0.4984375,0.00027840472799712883,,
779,7790,0.20543335527181625,0.07559566833078861,0.12983768582344055,0.1337785966694355,0.140625,0.534375,0.00027840472799712883,,
780,7800,0.20484312176704406,0.07256650216877461,0.13227661848068237,0.1140938863158226,0.165625,0.48125,0.00027840472799712883,,
781,7810,0.197919262945652,0.06816469915211201,0.12975456714630126,0.1172674648463726,0.159375,0.496875,0.0002737317453800964,,
782,7820,0.18532303273677825,0.0654489178210497,0.11987411379814147,0.11536453887820244,0.1640625,0.49375,0.0002737317453800964,,
783,7830,0.17874892801046371,0.06236562132835388,0.11638330221176148,0.11915955618023873,0.1796875,0.5,0.0002737317453800964,,
784,7840,0.21018123924732207,0.08158496171236038,0.12859627604484558,0.12056560665369034,0.14375,0.4953125,0.0002737317453800964,,
785,7850,0.17545898929238318,0.06029671393334866,0.11516227722167968,0.10841824114322662,0.159375,0.471875,0.0002690836304576292,,
786,7860,0.18724002987146376,0.06309239231050015,0.12414763569831848,0.11086662113666534,0.1671875,0.4734375,0.0002690836304576292,,
787,7870,0.18995571434497832,0.07001669742166997,0.1199390172958374,0.12032707184553146,0.178125,0.5109375,0.0002690836304576292,,
788,7880,0.1845697730779648,0.072521897777915,0.11204787492752075,0.1216813050210476,0.1859375,0.5046875,0.0002690836304576292,,
789,7890,0.18062909096479415,0.06378577947616577,0.1168433129787445,0.12242618128657341,0.1671875,0.49375,0.00026446089294790756,,
790,7900,0.19223418086767197,0.07794970348477363,0.11428447365760804,0.1211012214422226,0.1703125,0.49375,0.00026446089294790756,,
791,7910,0.225292631983757,0.09107419289648533,0.1342184364795685,0.11945489272475243,0.165625,0.50625,0.00026446089294790756,,
792,7920,0.16509400457143783,0.06338666751980782,0.1017073392868042,0.12625458016991614,0.1453125,0.528125,0.00026446089294790756,,
793,7930,0.20901532024145125,0.07876072078943253,0.1302545964717865,0.11670594289898872,0.15,0.5140625,0.0002598640397861931,,
794,7940,0.21223003417253494,0.07611718028783798,0.1361128568649292,0.1265337236225605,0.1640625,0.5203125,0.0002598640397861931,,
795,7950,0.19288198947906493,0.07732447944581508,0.11555750966072083,0.13000350967049598,0.146875,0.5125,0.0002598640397861931,,
796,7960,0.18523718118667604,0.06623101904988289,0.1190061628818512,0.11291702911257744,0.190625,0.4484375,0.0002598640397861931,,
797,7970,0.22280981987714768,0.09593022912740708,0.1268795907497406,0.1256950505077839,0.1453125,0.4859375,0.00025529357506923715,,
798,7980,0.19812389016151427,0.06948347613215447,0.12864041328430176,0.1189055748283863,0.1578125,0.496875,0.00025529357506923715,,
799,7990,0.1829271510243416,0.06953783929347992,0.11338931322097778,0.11848804205656052,0.1453125,0.4859375,0.00025529357506923715,,
800,8000,0.1876770406961441,0.07002028971910476,0.11765674948692321,0.11452599167823792,0.1703125,0.4890625,0.00025529357506923715,0.7039770069860521,0.553887349424048
801,8010,0.18317960649728776,0.07048329077661038,0.11269631385803222,0.11503544673323632,0.1671875,0.4890625,0.0002507499999999999,,
802,8020,0.16773100346326827,0.061593469232320786,0.10613753199577332,0.12187163382768632,0.190625,0.4796875,0.0002507499999999999,,
803,8030,0.180144003033638,0.06820193938910961,0.11194206476211548,0.12630851715803146,0.15,0.4953125,0.0002507499999999999,,
804,8040,0.17849434465169906,0.07249629721045495,0.10599804520606995,0.1306639350950718,0.1578125,0.5078125,0.0002507499999999999,,
805,8050,0.20031445175409318,0.06923819482326507,0.13107625842094422,0.10685549080371856,0.16875,0.48125,0.0002462338128326895,,
806,8060,0.1894586354494095,0.06430246904492379,0.12515616416931152,0.12047517448663711,0.153125,0.515625,0.0002462338128326895,,
807,8070,0.17084033265709878,0.061272061243653295,0.10956827402114869,0.11470510885119438,0.2,0.4734375,0.0002462338128326895,,
808,8080,0.19551969915628434,0.07447063699364662,0.12104906439781189,0.12426844760775566,0.153125,0.521875,0.0002462338128326895,,
809,8090,0.17743663787841796,0.06388758979737759,0.11354904770851135,0.11368370577692985,0.184375,0.465625,0.00024174550881812148,,
810,8100,0.17475616857409476,0.06669843718409538,0.10805773138999938,0.11746078506112098,0.16875,0.496875,0.00024174550881812148,,
811,8110,0.22106538861989974,0.08414345756173133,0.13692193031311034,0.12225902155041694,0.1515625,0.5203125,0.00024174550881812148,,
812,8120,0.18438165187835692,0.06693622767925263,0.11744542717933655,0.10835359320044517,0.1625,0.4453125,0.00024174550881812148,,
813,8130,0.16384721994400026,0.059419745579361916,0.10442747473716736,0.11802380457520485,0.171875,0.46875,0.0002372855801494095,,
814,8140,0.1917589023709297,0.06871639043092728,0.12304251194000244,0.10861018970608712,0.1609375,0.4640625,0.0002372855801494095,,
815,8150,0.18291682451963426,0.06734813265502453,0.11556869149208068,0.13026222437620164,0.1890625,0.50625,0.0002372855801494095,,
816,8160,0.16580784171819687,0.060866736620664594,0.10494110584259034,0.11337616369128227,0.1734375,0.4796875,0.0002372855801494095,,
817,8170,0.18067048266530036,0.06470548026263714,0.11596500277519226,0.10462808310985565,0.184375,0.48125,0.00023285451590799124,,
818,8180,0.1809137284755707,0.06382303163409234,0.11709069609642028,0.11928324401378632,0.1828125,0.4953125,0.00023285451590799124,,
819,8190,0.18509232103824616,0.06720274724066258,0.11788957118988037,0.1197645515203476,0.1546875,0.49375,0.00023285451590799124,,
820,8200,0.21869756579399108,0.07842089347541333,0.1402766764163971,0.11220192015171052,0.1640625,0.490625,0.00023285451590799124,,
821,8210,0.16944577246904374,0.06241398714482784,0.10703178644180297,0.1130940318107605,0.1703125,0.475,0.0002284528020099941,,
822,8220,0.18419664353132248,0.06659292131662368,0.11760371923446655,0.12017597779631614,0.1640625,0.4875,0.0002284528020099941,,
823,8230,0.18425655215978623,0.06842602677643299,0.1158305287361145,0.11203861981630325,0.178125,0.465625,0.0002284528020099941,,
824,8240,0.18395055681467057,0.06518598906695842,0.11876456737518311,0.12435950115323066,0.14375,0.5140625,0.0002284528020099941,,
825,8250,0.19611094817519187,0.081013223528862,0.11509772539138793,0.11978373378515243,0.153125,0.4703125,0.0002240809211529496,,
826,8260,0.18179166913032532,0.06635125949978829,0.11544041037559509,0.1169994093477726,0.1484375,0.49375,0.0002240809211529496,,
827,8270,0.18895311504602433,0.06891892813146114,0.12003418803215027,0.11802891045808792,0.1921875,0.49375,0.0002240809211529496,,
828,8280,0.18263861238956453,0.06726261079311371,0.11537600159645081,0.12264690473675728,0.1875,0.503125,0.0002240809211529496,,
829,8290,0.20533988624811172,0.07958455309271813,0.12575533390045165,0.11877503395080566,0.1546875,0.5015625,0.00021973935276286082,,
830,8300,0.20295082032680511,0.08153010569512845,0.12142071723937989,0.12181147038936616,0.140625,0.5,0.00021973935276286082,,
831,8310,0.1960715562105179,0.0747990895062685,0.12127246856689453,0.1186010219156742,0.146875,0.5046875,0.00021973935276286082,,
832,8320,0.21068640947341918,0.0894657202064991,0.12122069001197815,0.1219139851629734,0.159375,0.5390625,0.00021973935276286082,,
833,8330,0.20441637933254242,0.07417719848453999,0.13023918271064758,0.12340822517871856,0.1671875,0.5125,0.00021542857294162636,,
834,8340,0.177575746178627,0.06266527771949768,0.11491047143936158,0.11651287376880645,0.1578125,0.5046875,0.00021542857294162636,,
835,8350,0.18006543964147567,0.06260294802486896,0.11746249198913575,0.1143227070569992,0.1703125,0.471875,0.00021542857294162636,,
836,8360,0.18478187322616577,0.06724591255187988,0.11753596067428589,0.12195434421300888,0.1828125,0.50625,0.00021542857294162636,,
837,8370,0.1902958333492279,0.07509347163140774,0.11520236134529113,0.13480174690485,0.1421875,0.528125,0.00021114905441483182,,
838,8380,0.18580438643693925,0.06528095342218876,0.12052343487739563,0.11402201354503631,0.18125,0.478125,0.00021114905441483182,,
839,8390,0.1946079671382904,0.07233732752501965,0.1222706377506256,0.12449440211057664,0.1578125,0.525,0.00021114905441483182,,
840,8400,0.16470820754766463,0.0627109631896019,0.10199724435806275,0.10520417913794518,0.1546875,0.4640625,0.00021114905441483182,0.7015105018339154,0.5484979779528799
841,8410,0.17947752997279168,0.0722273338586092,0.10725019574165344,0.11287268549203873,0.1953125,0.4859375,0.00020690126647990968,,
842,8420,0.18100470304489136,0.06446479447185993,0.11653990745544433,0.1144331932067871,0.1609375,0.48125,0.00020690126647990968,,
843,8430,0.19106352776288987,0.06982219032943249,0.12124133706092835,0.12427417784929276,0.1265625,0.5265625,0.00020690126647990968,,
844,8440,0.18294863104820253,0.06587464399635792,0.11707398891448975,0.1110573261976242,0.16875,0.4734375,0.00020690126647990968,,
845,8450,0.1877606689929962,0.07201830185949802,0.11574236750602722,0.12494618743658066,0.1546875,0.5015625,0.00020268567495467478,,
846,8460,0.18682524785399438,0.07031203135848045,0.11651321649551391,0.12217319533228874,0.1703125,0.48125,0.00020268567495467478,,
847,8470,0.19539835005998613,0.07394058741629124,0.1214577615261078,0.11252229437232017,0.178125,0.4875,0.00020268567495467478,,
848,8480,0.185005347430706,0.07085869163274765,0.11414665579795838,0.11772958859801293,0.1546875,0.509375,0.00020268567495467478,,
849,8490,0.16989966332912446,0.06263195611536503,0.10726770758628845,0.1152959056198597,0.171875,0.48125,0.0001985027421262437,,
850,8500,0.18952475637197494,0.0659687329083681,0.12355602383613587,0.12576717063784598,0.140625,0.5125,0.0001985027421262437,,
851,8510,0.16287775039672853,0.058639504760503766,0.10423824787139893,0.11992037743330002,0.165625,0.4796875,0.0001985027421262437,,
852,8520,0.18816004693508148,0.06756770983338356,0.12059233784675598,0.11135502755641938,0.16875,0.496875,0.0001985027421262437,,
853,8530,0.18980077505111695,0.0694411400705576,0.12035963535308838,0.12386399582028389,0.1328125,0.515625,0.0001943529267003383,,
854,8540,0.18962976783514024,0.06637804247438908,0.12325172424316407,0.11946797147393226,0.175,0.5046875,0.0001943529267003383,,
855,8550,0.1739362895488739,0.0640247818082571,0.10991150736808777,0.11360635235905647,0.175,0.4703125,0.0001943529267003383,,
856,8560,0.18839117884635925,0.07429761290550232,0.11409356594085693,0.13229656517505645,0.15625,0.54375,0.0001943529267003383,,
857,8570,0.17958295047283174,0.060954341664910316,0.11862860918045044,0.11837531626224518,0.1765625,0.4953125,0.00019023668375098396,,
858,8580,0.2119416043162346,0.08042399808764458,0.13151760697364806,0.12457623928785325,0.1578125,0.50625,0.00019023668375098396,,
859,8590,0.19400255978107453,0.07309391163289547,0.12090864777565002,0.11292674541473388,0.178125,0.490625,0.00019023668375098396,,
860,8600,0.2051521897315979,0.08331902027130127,0.12183316946029663,0.11953535899519921,0.1859375,0.496875,0.00019023668375098396,,
861,8610,0.18116364479064942,0.06745431087911129,0.11370933651924134,0.13120988830924035,0.15,0.5390625,0.00018615446467060623,,
862,8620,0.16722211837768555,0.05915454626083374,0.1080675721168518,0.10927622020244598,0.1625,0.4640625,0.00018615446467060623,,
863,8630,0.19350474700331688,0.07469797246158123,0.11880677342414855,0.11586527675390243,0.1625,0.4984375,0.00018615446467060623,,
864,8640,0.17945520877838134,0.06335930675268173,0.1160959005355835,0.12205050252377987,0.1453125,0.509375,0.00018615446467060623,,
865,8650,0.2035081699490547,0.07392890341579914,0.12957926988601684,0.12286750376224517,0.165625,0.5078125,0.0001821067171205294,,
866,8660,0.20743330866098403,0.07912441082298756,0.12830889821052552,0.129203200340271,0.14375,0.5265625,0.0001821067171205294,,
867,8670,0.20757415890693665,0.07655030265450477,0.13102385997772217,0.11798506453633309,0.1703125,0.503125,0.0001821067171205294,,
868,8680,0.1823236748576164,0.06920313648879528,0.11312053799629211,0.1328342966735363,0.13125,0.5359375,0.0001821067171205294,,
869,8690,0.17283978164196015,0.06056371107697487,0.11227607131004333,0.12052823826670647,0.1671875,0.5015625,0.0001780938849818867,,
870,8700,0.2157597377896309,0.08254633843898773,0.13321340084075928,0.1300635501742363,0.1609375,0.5203125,0.0001780938849818867,,
871,8710,0.1957593783736229,0.07204868458211422,0.12371069192886353,0.12090628296136856,0.15625,0.5203125,0.0001780938849818867,,
872,8720,0.20305308252573012,0.07414681874215603,0.12890626788139342,0.11963463425636292,0.1609375,0.509375,0.0001780938849818867,,
873,8730,0.2006942942738533,0.06747585199773312,0.13321844339370728,0.11906601265072822,0.171875,0.4828125,0.00017411640830694239,,
874,8740,0.20173866748809816,0.07666509561240673,0.12507357001304625,0.1196601703763008,0.1875,0.490625,0.00017411640830694239,,
875,8750,0.20089090764522552,0.06792324744164943,0.1329676628112793,0.12558182552456856,0.1625,0.51875,0.00017411640830694239,,
876,8760,0.17680970653891565,0.06446082219481468,0.11234888434410095,0.12019229531288148,0.1390625,0.49375,0.00017411640830694239,,
877,8770,0.19880596101284026,0.07501566559076309,0.12379029989242554,0.11758173406124114,0.15625,0.5109375,0.0001701747232708357,,
878,8780,0.1880050167441368,0.06692888252437115,0.12107613682746887,0.110967518389225,0.1609375,0.4828125,0.0001701747232708357,,
879,8790,0.18318778425455093,0.06496358066797256,0.11822420358657837,0.12184410393238068,0.175,0.5078125,0.0001701747232708357,,
880,8800,0.20042392164468764,0.06848131604492665,0.13194260597229004,0.12338567972183227,0.1609375,0.509375,0.0001701747232708357,0.7389965901413429,0.5901812816143238
881,8810,0.19937794134020806,0.07557761110365391,0.12380033135414123,0.11790509670972824,0.1609375,0.4984375,0.00016626926212375023,,
882,8820,0.16907474026083946,0.06182456351816654,0.10725017786026,0.1290878586471081,0.1484375,0.515625,0.00016626926212375023,,
883,8830,0.1937905251979828,0.07272539250552654,0.12106513381004333,0.11873965784907341,0.1734375,0.5109375,0.00016626926212375023,,
884,8840,0.16514714658260346,0.05683173388242722,0.10831541419029236,0.1052775464951992,0.1984375,0.4515625,0.00016626926212375023,,
885,8850,0.16599441617727279,0.06128774732351303,0.10470666885375976,0.11363936215639114,0.190625,0.475,0.00016240045314351093,,
886,8860,0.1806773453950882,0.07634628191590309,0.10433106422424317,0.12425985261797905,0.178125,0.4828125,0.00016240045314351093,,
887,8870,0.17608559131622314,0.06653161011636258,0.10955398082733155,0.12487556114792824,0.175,0.50625,0.00016240045314351093,,
888,8880,0.17656170725822448,0.064951853454113,0.11160985231399537,0.12283337414264679,0.16875,0.5,0.00016240045314351093,,
889,8890,0.18801549524068834,0.06717942245304584,0.1208360731601715,0.1218644104897976,0.15,0.5109375,0.0001585687205886199,,
890,8900,0.17120965719223022,0.06533697620034218,0.10587267875671387,0.11342449337244034,0.178125,0.4796875,0.0001585687205886199,,
891,8910,0.16314054280519485,0.05706693194806576,0.10607361197471618,0.11975196972489358,0.1546875,0.4953125,0.0001585687205886199,,
892,8920,0.20539456009864807,0.06958629488945008,0.135808265209198,0.12055601552128792,0.175,0.5078125,0.0001585687205886199,,
893,8930,0.18725543469190598,0.06630422808229923,0.12095120549201965,0.11709507256746292,0.153125,0.49375,0.0001547744846517318,,
894,8940,0.1588093712925911,0.05888431891798973,0.09992505311965942,0.11481995582580566,0.1875,0.4890625,0.0001547744846517318,,
895,8950,0.20443323999643326,0.07858824245631695,0.1258449971675873,0.12282141596078873,0.1578125,0.521875,0.0001547744846517318,,
896,8960,0.17715930044651032,0.062499438598752025,0.11465986371040345,0.12091462835669517,0.16875,0.5171875,0.0001547744846517318,,
897,8970,0.19080334156751633,0.07024154737591744,0.12056179046630859,0.1196280337870121,0.1609375,0.5140625,0.00015101816141357386,,
898,8980,0.17730496898293496,0.06579165980219841,0.11151331067085266,0.12390597462654114,0.1390625,0.5109375,0.00015101816141357386,,
899,8990,0.16921355277299882,0.06160996221005917,0.10760359168052673,0.11310673877596855,0.1578125,0.478125,0.00015101816141357386,,
900,9000,0.17758211642503738,0.06422844678163528,0.1133536696434021,0.1075160413980484,0.1671875,0.46875,0.00015101816141357386,,
901,9010,0.1779196098446846,0.0662269726395607,0.1116926372051239,0.11505488008260727,0.178125,0.48125,0.0001473001627973195,,
902,9020,0.18384738266468048,0.06292967572808265,0.12091770768165588,0.12185456976294518,0.171875,0.4890625,0.0001473001627973195,,
903,9030,0.18268536478281022,0.06628545522689819,0.11639990806579589,0.12253654301166535,0.165625,0.5125,0.0001473001627973195,,
904,9040,0.1769306443631649,0.06328211575746537,0.11364852786064147,0.12265575006604194,0.16875,0.484375,0.0001473001627973195,,
905,9050,0.18112170547246934,0.07475349567830562,0.10636820793151855,0.1302858904004097,0.159375,0.53125,0.0001436208965234148,,
906,9060,0.19663148522377014,0.0699853751808405,0.12664610743522645,0.12569741606712342,0.1671875,0.51875,0.0001436208965234148,,
907,9070,0.1813860848546028,0.06749037243425846,0.1138957142829895,0.11834330558776855,0.1640625,0.4703125,0.0001436208965234148,,
908,9080,0.17011546194553376,0.057947263866662976,0.11216819882392884,0.12507224306464196,0.171875,0.5203125,0.0001436208965234148,,
909,9090,0.1702894613146782,0.05902891680598259,0.11126054525375366,0.12128644436597824,0.1796875,0.4953125,0.00013998076606486806,,
910,9100,0.20182115733623504,0.07563609816133976,0.12618505954742432,0.11914323717355728,0.1734375,0.478125,0.00013998076606486806,,
911,9110,0.18715137243270874,0.06412142664194107,0.12302994728088379,0.11320912763476372,0.15,0.4953125,0.00013998076606486806,,
912,9120,0.18001652657985687,0.0610501267015934,0.11896640062332153,0.12503487393260002,0.1484375,0.521875,0.00013998076606486806,,
913,9130,0.17121549993753432,0.061208929494023324,0.11000657081604004,0.1217418409883976,0.1453125,0.5015625,0.000136380170603005,,
914,9140,0.18060470670461654,0.06912654340267181,0.11147816181182861,0.13148442283272743,0.15625,0.515625,0.000136380170603005,,
915,9150,0.18307821005582808,0.0649381261318922,0.11814008355140686,0.12151127681136131,0.14375,0.50625,0.000136380170603005,,
916,9160,0.19020102471113204,0.07050995640456677,0.11969106793403625,0.12464811131358147,0.1734375,0.509375,0.000136380170603005,,
917,9170,0.18039926141500473,0.06547237373888493,0.11492688655853271,0.11960336938500404,0.171875,0.4890625,0.00013281950498369283,,
918,9180,0.18014200627803803,0.06117101535201073,0.11897099018096924,0.11565675958991051,0.159375,0.4828125,0.00013281950498369283,,
919,9190,0.15040979534387589,0.05197981856763363,0.09842997789382935,0.11602845191955566,0.165625,0.465625,0.00013281950498369283,,
920,9200,0.19371518194675447,0.07501529268920422,0.11869989037513733,0.11283270120620728,0.1859375,0.48125,0.00013281950498369283,0.744945276738221,0.6007760818270835
921,9210,0.18854399919509887,0.06457405313849449,0.12396994233131409,0.11924102082848549,0.1703125,0.51875,0.0001292991596740415,,
922,9220,0.19066254943609237,0.0739550918340683,0.11670745611190796,0.12448418810963631,0.1703125,0.5203125,0.0001292991596740415,,
923,9230,0.1773945778608322,0.06391945704817772,0.11347512006759644,0.11034059748053551,0.1703125,0.478125,0.0001292991596740415,,
924,9240,0.18575412034988403,0.06564725898206233,0.1201068639755249,0.13335521072149276,0.15625,0.5265625,0.0001292991596740415,,
925,9250,0.17469624429941177,0.06748496517539024,0.10721127986907959,0.12786404117941857,0.1546875,0.5328125,0.00012581952071958542,,
926,9260,0.1796407863497734,0.06483607813715934,0.11480470895767211,0.11914710029959678,0.1578125,0.490625,0.00012581952071958542,,
927,9270,0.16132180988788605,0.06109515763819218,0.1002266526222229,0.11956487819552422,0.159375,0.5078125,0.00012581952071958542,,
928,9280,0.17838008105754852,0.059992673620581624,0.11838740706443787,0.1128696970641613,0.159375,0.5078125,0.00012581952071958542,,
929,9290,0.16491253226995467,0.05820483788847923,0.10670769214630127,0.1239271491765976,0.1484375,0.5046875,0.00012238096970194773,,
930,9300,0.18857454061508178,0.06976337693631648,0.11881116032600403,0.12319833934307098,0.16875,0.5140625,0.00012238096970194773,,
931,9310,0.16477616131305695,0.05891074687242508,0.10586541295051574,0.12019715309143067,0.178125,0.4890625,0.00012238096970194773,,
932,9320,0.1879483938217163,0.06671535708010197,0.1212330400943756,0.1084989570081234,0.19375,0.48125,0.00012238096970194773,,
933,9330,0.17733333110809327,0.06757440119981765,0.10975893139839173,0.12839106246829032,0.1484375,0.5171875,0.00011898388369699619,,
934,9340,0.18498087525367737,0.06814970560371876,0.11683117151260376,0.11605647876858712,0.165625,0.5,0.00011898388369699619,,
935,9350,0.19070377796888352,0.06650288328528405,0.12420089840888977,0.12111355438828468,0.175,0.4890625,0.00011898388369699619,,
936,9360,0.1804479591548443,0.06773145459592342,0.11271650195121766,0.12066587880253792,0.1578125,0.5015625,0.00011898388369699619,,
937,9370,0.18959659934043885,0.0696787778288126,0.11991782188415527,0.1162816859781742,0.1734375,0.48125,0.00011562863523349331,,
938,9380,0.16377733945846557,0.05480719655752182,0.10897014141082764,0.1237619824707508,0.146875,0.5125,0.00011562863523349331,,
939,9390,0.18277976512908936,0.06711111515760422,0.11566864848136901,0.12505966275930405,0.1578125,0.5046875,0.00011562863523349331,,
940,9400,0.16513520628213882,0.06162376627326012,0.10351144075393677,0.11597052961587906,0.175,0.475,0.00011562863523349331,,
941,9410,0.19502237290143967,0.07588273845613003,0.11913963556289672,0.12776713222265243,0.153125,0.5171875,0.00011231559225224303,,
942,9420,0.18465861827135086,0.06576256267726421,0.11889605522155762,0.1118556410074234,0.14375,0.48125,0.00011231559225224303,,
943,9430,0.18630923628807067,0.07241455428302288,0.11389468312263488,0.12275776565074921,0.1671875,0.496875,0.00011231559225224303,,
944,9440,0.17439156174659728,0.06574019715189934,0.10865136384963989,0.11771489083766937,0.1765625,0.4890625,0.00011231559225224303,,
945,9450,0.18280660063028337,0.0648868802934885,0.11791971921920777,0.11013295501470566,0.1875,0.465625,0.00010904511806574305,,
946,9460,0.16297019720077516,0.05881039276719093,0.10415980219841003,0.11271100491285324,0.1640625,0.4875,0.00010904511806574305,,
947,9470,0.17114845737814904,0.06122762933373451,0.10992082953453064,0.1266065925359726,0.1625,0.5265625,0.00010904511806574305,,
948,9480,0.18677065670490264,0.06546012572944164,0.1213105320930481,0.11278698816895485,0.1953125,0.4921875,0.00010904511806574305,,
949,9490,0.1845642074942589,0.06494789272546768,0.11961631178855896,0.12703122347593307,0.15,0.53125,0.00010581757131834274,,
950,9500,0.19047406315803528,0.06792228631675243,0.1225517749786377,0.12004830315709114,0.14375,0.4984375,0.00010581757131834274,,
951,9510,0.17453758269548417,0.05955125913023949,0.11498632431030273,0.11596106439828872,0.171875,0.4734375,0.00010581757131834274,,
952,9520,0.1826545014977455,0.06677899435162545,0.115875506401062,0.13200384229421616,0.1640625,0.5375,0.00010581757131834274,,
953,9530,0.16655263528227807,0.06110340505838394,0.10544922947883606,0.11048994734883308,0.165625,0.459375,0.00010263330594691395,,
954,9540,0.17546193301677704,0.07011367417871953,0.10534825921058655,0.12132617905735969,0.15625,0.5171875,0.00010263330594691395,,
955,9550,0.23435679823160172,0.09936486408114434,0.13499193787574768,0.1318669505417347,0.171875,0.525,0.00010263330594691395,,
956,9560,0.18660549819469452,0.06860923543572425,0.11799626350402832,0.11575902327895164,0.1578125,0.4671875,0.00010263330594691395,,
957,9570,0.1857694484293461,0.07591175958514214,0.10985769033432007,0.12591627091169358,0.1625,0.5,9.949267114203836e-05,,
958,9580,0.18399083316326142,0.06786902137100696,0.11612181067466736,0.1293935313820839,0.16875,0.5171875,9.949267114203836e-05,,
959,9590,0.17764917761087418,0.07170476317405701,0.10594441294670105,0.12409393712878228,0.178125,0.5015625,9.949267114203836e-05,,
960,9600,0.17608395740389823,0.06223980337381363,0.11384415626525879,0.11711201220750808,0.171875,0.4875,9.949267114203836e-05,0.7222939108081956,0.5721538192157777
961,9610,0.16767724156379699,0.060018555447459224,0.10765868425369263,0.130779779702425,0.16875,0.525,9.639601130971379e-05,,
962,9620,0.18605925440788268,0.06847289875149727,0.11758635640144348,0.12427268177270889,0.1671875,0.5109375,9.639601130971379e-05,,
963,9630,0.18785336166620253,0.06666292138397693,0.12119044065475464,0.12681436389684678,0.1421875,0.5265625,9.639601130971379e-05,,
964,9640,0.17658610343933107,0.06617936976253987,0.11040673255920411,0.11648447066545486,0.1765625,0.4796875,9.639601130971379e-05,,
965,9650,0.19012531340122224,0.0713311567902565,0.1187941551208496,0.12277744561433793,0.1734375,0.5296875,9.33436660335871e-05,,
966,9660,0.1997131034731865,0.07748299315571786,0.12223011255264282,0.12172813937067986,0.1515625,0.5171875,9.33436660335871e-05,,
967,9670,0.1768509715795517,0.06548582166433334,0.11136515140533447,0.1278743788599968,0.1296875,0.5125,9.33436660335871e-05,,
968,9680,0.17854084745049476,0.06092134453356266,0.11761950254440308,0.1227336011826992,0.1609375,0.49375,9.33436660335871e-05,,
969,9690,0.1705859012901783,0.06896137557923794,0.10162452459335328,0.13398586660623552,0.1765625,0.528125,9.033597003771482e-05,,
970,9700,0.20258817076683044,0.07388469539582729,0.12870347499847412,0.12447459697723388,0.16875,0.5140625,9.033597003771482e-05,,
971,9710,0.16002661883831024,0.05803857743740082,0.10198804140090942,0.11597626134753228,0.1625,0.475,9.033597003771482e-05,,
972,9720,0.17283755242824556,0.06426686570048332,0.1085706889629364,0.12140116393566132,0.1703125,0.4984375,9.033597003771482e-05,,
973,9730,0.17683728486299516,0.05744380280375481,0.11939347982406616,0.12213009893894196,0.1546875,0.5328125,8.737325314985631e-05,,
974,9740,0.18891657143831253,0.06793522909283638,0.1209813416004181,0.12765527591109277,0.1515625,0.5453125,8.737325314985631e-05,,
975,9750,0.17752527445554733,0.06595334373414516,0.11157193183898925,0.12305883169174195,0.1609375,0.5125,8.737325314985631e-05,,
976,9760,0.171129447221756,0.06221632845699787,0.10891311764717101,0.12326298654079437,0.146875,0.528125,8.737325314985631e-05,,
977,9770,0.18670495748519897,0.07005693390965462,0.11664802432060242,0.11924313604831696,0.1796875,0.5203125,8.445584026530532e-05,,
978,9780,0.17204643338918685,0.06550753600895405,0.10653889775276185,0.12187524735927582,0.1484375,0.5109375,8.445584026530532e-05,,
979,9790,0.17649721652269362,0.0670537069439888,0.10944350957870483,0.12871629148721694,0.146875,0.5078125,8.445584026530532e-05,,
980,9800,0.17126882672309876,0.062107646837830544,0.10916118025779724,0.12415497153997421,0.15,0.521875,8.445584026530532e-05,,
981,9810,0.1908966138958931,0.06603807918727397,0.1248585343360901,0.12349354997277259,0.178125,0.515625,8.158405131126074e-05,,
982,9820,0.19115694165229796,0.0719718474894762,0.11918509602546692,0.12451669797301293,0.16875,0.5125,8.158405131126074e-05,,
983,9830,0.175971619784832,0.063453533872962,0.11251808404922485,0.12215999588370323,0.1578125,0.50625,8.158405131126074e-05,,
984,9840,0.20873303711414337,0.0804535448551178,0.12827948927879335,0.11372555792331696,0.1765625,0.4875,8.158405131126074e-05,,
985,9850,0.19555315673351287,0.0760738082230091,0.11947934627532959,0.1330132894217968,0.1609375,0.546875,7.875820121174347e-05,,
986,9860,0.17892708629369736,0.060067255049943924,0.11885983347892762,0.11845877319574356,0.1625,0.484375,7.875820121174347e-05,,
987,9870,0.18979842066764832,0.06830351985991001,0.12149490118026733,0.11459387764334679,0.1765625,0.496875,7.875820121174347e-05,,
988,9880,0.17493220716714858,0.06641424633562565,0.1085179626941681,0.11614902764558792,0.171875,0.4734375,7.875820121174347e-05,,
989,9890,0.18124451488256454,0.06736346036195755,0.11388105750083924,0.12727959752082824,0.159375,0.5171875,7.597859985306155e-05,,
990,9900,0.15443005710840224,0.05333869010210037,0.10109136700630188,0.10974581763148308,0.203125,0.446875,7.597859985306155e-05,,
991,9910,0.17711722776293753,0.06114197969436645,0.11597524881362915,0.11594661474227905,0.165625,0.5015625,7.597859985306155e-05,,
992,9920,0.16553851962089539,0.06071670763194561,0.10482181310653686,0.11605099812150002,0.159375,0.5046875,7.597859985306155e-05,,
993,9930,0.16803929954767227,0.06738011054694652,0.10065919160842896,0.12392341271042824,0.1796875,0.4796875,7.324555204982696e-05,,
994,9940,0.1855950027704239,0.06551021672785282,0.12008478641510009,0.11444552317261696,0.1640625,0.4875,7.324555204982696e-05,,
995,9950,0.1843143418431282,0.06609787866473198,0.11821646094322205,0.12367590591311454,0.159375,0.525,7.324555204982696e-05,,
996,9960,0.1912155732512474,0.07183558642864227,0.11937998533248902,0.12110807076096534,0.1859375,0.5,7.324555204982696e-05,,
997,9970,0.17367119193077088,0.059745632112026215,0.11392555832862854,0.11761723458766937,0.171875,0.496875,7.055935751153021e-05,,
998,9980,0.17043943405151368,0.060564829409122466,0.10987460613250732,0.11997643187642097,0.1609375,0.496875,7.055935751153021e-05,,
999,9990,0.18321207016706467,0.06914846524596215,0.11406360268592834,0.11468979194760323,0.1796875,0.49375,7.055935751153021e-05,,
1000,10000,0.17952575907111168,0.06550344452261925,0.11402231454849243,0.1171866238117218,0.16875,0.4921875,7.055935751153021e-05,0.7237678989814,0.5752534277771272
1001,10010,0.186556813120842,0.06904109753668308,0.11751571297645569,0.12313418835401535,0.146875,0.51875,6.792031080967299e-05,,
1002,10020,0.15239905565977097,0.056125471368432045,0.09627358317375183,0.12507448345422745,0.2046875,0.5328125,6.792031080967299e-05,,
1003,10030,0.18892679661512374,0.07097003385424613,0.11795676350593567,0.12986400127410888,0.16875,0.5015625,6.792031080967299e-05,,
1004,10040,0.2026009038090706,0.07878299653530121,0.12381790280342102,0.1275730662047863,0.1671875,0.503125,6.792031080967299e-05,,
1005,10050,0.1634359613060951,0.057739535719156264,0.10569642782211304,0.11418220102787018,0.1828125,0.478125,6.532870134546531e-05,,
1006,10060,0.17607202976942063,0.0644045639783144,0.11166746616363525,0.1148150995373726,0.165625,0.4859375,6.532870134546531e-05,,
1007,10070,0.16121551617980004,0.05606444738805294,0.10515106916427612,0.1152246579527855,0.1765625,0.4734375,6.532870134546531e-05,,
1008,10080,0.16267838701605797,0.05941954404115677,0.10325884222984313,0.12061343863606452,0.178125,0.4671875,6.532870134546531e-05,,
1009,10090,0.1841054677963257,0.06636172905564308,0.11774373650550843,0.12943127602338791,0.1671875,0.5109375,6.278481331809015e-05,,
1010,10100,0.16617882400751113,0.0625883772969246,0.10359044671058655,0.11919966489076614,0.1703125,0.4828125,6.278481331809015e-05,,
1011,10110,0.1764332413673401,0.06250615119934082,0.11392709016799926,0.11882348954677582,0.146875,0.496875,6.278481331809015e-05,,
1012,10120,0.1771626889705658,0.06494647227227687,0.11221621632575988,0.11550728678703308,0.1515625,0.4796875,6.278481331809015e-05,,
1013,10130,0.15985130816698073,0.05664045065641403,0.10321086049079894,0.11640736907720566,0.1671875,0.50625,6.028892569353643e-05,,
1014,10140,0.1636817917227745,0.0585055336356163,0.1051762580871582,0.1159089982509613,0.1625,0.459375,6.028892569353643e-05,,
1015,10150,0.17791252583265305,0.06774738505482673,0.11016514301300048,0.13167749121785163,0.1546875,0.5203125,6.028892569353643e-05,,
1016,10160,0.19411715269088745,0.0728538054972887,0.12126334905624389,0.11943259462714195,0.15,0.5078125,6.028892569353643e-05,,
1017,10170,0.1678025782108307,0.06257444210350513,0.1052281379699707,0.10894189774990082,0.1578125,0.475,5.784131217400825e-05,,
1018,10180,0.17391916513442993,0.06192726418375969,0.11199190020561219,0.11572564467787742,0.1734375,0.4640625,5.784131217400825e-05,,
1019,10190,0.17043703719973563,0.0562629695981741,0.11417406797409058,0.1153854638338089,0.1546875,0.4875,5.784131217400825e-05,,
1020,10200,0.17308465391397476,0.06057089902460575,0.11251375675201417,0.11888340339064599,0.1515625,0.5,5.784131217400825e-05,,
1021,10210,0.1883026883006096,0.06872909627854824,0.11957359313964844,0.11572539210319518,0.1953125,0.490625,5.5442241167910304e-05,,
1022,10220,0.1671751968562603,0.062059711292386056,0.10511548519134521,0.12410340309143067,0.1359375,0.5,5.5442241167910304e-05,,
1023,10230,0.17217715978622436,0.061607783660292625,0.11056937575340271,0.11498201042413711,0.175,0.4953125,5.5442241167910304e-05,,
1024,10240,0.16981707364320756,0.060894787311553955,0.10892228484153747,0.12781932279467584,0.1546875,0.5234375,5.5442241167910304e-05,,
1025,10250,0.18237806409597396,0.06470456756651402,0.1176734983921051,0.12096694633364677,0.1640625,0.5234375,5.309197576041338e-05,,
1026,10260,0.18390947282314302,0.06389302425086499,0.1200164496898651,0.11973839476704598,0.1453125,0.4953125,5.309197576041338e-05,,
1027,10270,0.1644005745649338,0.05811594538390637,0.1062846302986145,0.12205424159765244,0.15,0.5046875,5.309197576041338e-05,,
1028,10280,0.1587790444493294,0.058670670911669734,0.10010837316513062,0.12230124697089195,0.153125,0.534375,5.309197576041338e-05,,
1029,10290,0.197581684589386,0.07171705290675164,0.1258646309375763,0.1242303304374218,0.1515625,0.5125,5.0790773684604345e-05,,
1030,10300,0.19050233364105223,0.06827441565692424,0.12222791910171509,0.12134872451424598,0.159375,0.5140625,5.0790773684604345e-05,,
1031,10310,0.17533081769943237,0.05804316438734532,0.11728765368461609,0.11495547816157341,0.178125,0.4921875,5.0790773684604345e-05,,
1032,10320,0.1829597532749176,0.06217742562294006,0.12078232765197754,0.11914547979831695,0.153125,0.5078125,5.0790773684604345e-05,,
1033,10330,0.20831961929798126,0.07591196484863758,0.13240765333175658,0.12652238756418227,0.165625,0.5234375,4.853888729322334e-05,,
1034,10340,0.17328970432281493,0.06634820438921452,0.10694149732589722,0.1348094679415226,0.171875,0.5328125,4.853888729322334e-05,,
1035,10350,0.17490250915288924,0.06813669092953205,0.10676581859588623,0.11891466826200485,0.175,0.5015625,4.853888729322334e-05,,
1036,10360,0.1654843121767044,0.05939953103661537,0.1060847818851471,0.11382894590497017,0.190625,0.484375,4.853888729322334e-05,,
1037,10370,0.1748255029320717,0.06275259889662266,0.11207290291786194,0.11188840195536613,0.159375,0.4796875,4.633656353098928e-05,,
1038,10380,0.17703405916690826,0.06552409678697586,0.11150996088981628,0.11640238538384437,0.175,0.49375,4.633656353098928e-05,,
1039,10390,0.1700928330421448,0.06801304444670678,0.10207979083061218,0.11652794405817986,0.159375,0.490625,4.633656353098928e-05,,
1040,10400,0.15978227704763412,0.06304275505244732,0.09673952460289001,0.11750562712550164,0.165625,0.4734375,4.633656353098928e-05,0.7340987962375387,0.5873940924708398
1041,10410,0.16817220598459243,0.06463812105357647,0.10353408455848694,0.12007433474063874,0.1765625,0.4890625,4.418404390752093e-05,,
1042,10420,0.183298721909523,0.06806830614805222,0.11523041725158692,0.11301480904221535,0.184375,0.4953125,4.418404390752093e-05,,
1043,10430,0.17733892649412156,0.07147298231720925,0.10586594343185425,0.1208878479897976,0.1640625,0.5046875,4.418404390752093e-05,,
1044,10440,0.17418864965438843,0.058008204028010366,0.1161804437637329,0.12368786558508874,0.1828125,0.5109375,4.418404390752093e-05,,
1045,10450,0.18346941843628883,0.0614154152572155,0.12205400466918945,0.11478059589862824,0.18125,0.4890625,4.208156447085154e-05,,
1046,10460,0.18517011553049087,0.06743370443582535,0.11773641109466552,0.12824831232428552,0.1375,0.540625,4.208156447085154e-05,,
1047,10470,0.1737818479537964,0.06517865285277366,0.1086031973361969,0.11259503811597824,0.1703125,0.4640625,4.208156447085154e-05,,
1048,10480,0.15191061347723006,0.05944366939365864,0.09246694445610046,0.11424049660563469,0.1796875,0.4734375,4.208156447085154e-05,,
1049,10490,0.16356211602687837,0.05572536177933216,0.1078367531299591,0.11717267408967018,0.1671875,0.490625,4.002935578154395e-05,,
1050,10500,0.1922133147716522,0.07163422964513302,0.1205790877342224,0.12199968248605728,0.1625,0.49375,4.002935578154395e-05,,
1051,10510,0.17222742214798928,0.059704140201210974,0.11252328157424926,0.11513509526848793,0.16875,0.5046875,4.002935578154395e-05,,
1052,10520,0.17100854441523552,0.06372911930084228,0.1072794258594513,0.12592025697231293,0.1625,0.5109375,4.002935578154395e-05,,
1053,10530,0.15777018517255784,0.05483332872390747,0.10293685793876647,0.11586066782474518,0.165625,0.503125,3.802764288740764e-05,,
1054,10540,0.1687682181596756,0.060108316317200663,0.10865989923477173,0.11595770046114921,0.1796875,0.4796875,3.802764288740764e-05,,
1055,10550,0.1836927726864815,0.07726898491382599,0.1064237892627716,0.11917325779795647,0.1671875,0.4828125,3.802764288740764e-05,,
1056,10560,0.19821323752403258,0.07960369288921357,0.11860954761505127,0.1195774607360363,0.171875,0.5015625,3.802764288740764e-05,,
1057,10570,0.19396495521068574,0.06441395357251167,0.12955099940299988,0.11574520021677018,0.1421875,0.49375,3.607664529881846e-05,,
1058,10580,0.17378232404589652,0.05848366431891918,0.11529865860939026,0.11720854863524437,0.1734375,0.4984375,3.607664529881846e-05,,
1059,10590,0.167182544618845,0.058683176338672635,0.10849936604499817,0.12082544192671776,0.16875,0.490625,3.607664529881846e-05,,
1060,10600,0.17808619439601897,0.06277796477079392,0.11530823111534119,0.13017378449440004,0.1484375,0.5171875,3.607664529881846e-05,,
1061,10610,0.18441634401679038,0.07228886634111405,0.11212747693061828,0.12015380561351777,0.1765625,0.4984375,3.4176576964647736e-05,,
1062,10620,0.1782715193927288,0.06539313569664955,0.11287838220596313,0.1204583577811718,0.15625,0.490625,3.4176576964647736e-05,,
1063,10630,0.18002134710550308,0.06357462778687477,0.11644672155380249,0.12169251292943954,0.14375,0.5328125,3.4176576964647736e-05,,
1064,10640,0.16396473497152328,0.06357893794775009,0.10038579702377319,0.11301206946372985,0.175,0.4765625,3.4176576964647736e-05,,
1065,10650,0.1703118532896042,0.05527563467621803,0.11503621935844421,0.11099230498075485,0.1890625,0.475,3.2327646248800225e-05,,
1066,10660,0.19218944758176804,0.07744573168456555,0.11474371552467347,0.12595961913466452,0.1671875,0.5125,3.2327646248800225e-05,,
1067,10670,0.1734868198633194,0.059761491045355795,0.11372532844543456,0.12363941296935081,0.184375,0.51875,3.2327646248800225e-05,,
1068,10680,0.15533009693026542,0.057246421836316584,0.09808367490768433,0.1264290913939476,0.1515625,0.503125,3.2327646248800225e-05,,
1069,10690,0.17916696816682814,0.0661801591515541,0.11298680901527405,0.11460670605301856,0.13125,0.5015625,3.053005590736439e-05,,
1070,10700,0.17529717236757278,0.06264975778758526,0.1126474142074585,0.10714783743023873,0.1765625,0.465625,3.053005590736439e-05,,
1071,10710,0.17067694664001465,0.05870285630226135,0.1119740903377533,0.11050514578819275,0.1875,0.4703125,3.053005590736439e-05,,
1072,10720,0.16224691420793533,0.05866669490933418,0.10358021855354309,0.1154394008219242,0.1890625,0.490625,3.053005590736439e-05,,
1073,10730,0.19128592908382416,0.06934544593095779,0.12194048166275025,0.12468884363770485,0.153125,0.5078125,2.8784003066378248e-05,,
1074,10740,0.18417441695928574,0.0636232253164053,0.12055119276046752,0.10983699634671211,0.1671875,0.4828125,2.8784003066378248e-05,,
1075,10750,0.16707851588726044,0.06121148131787777,0.10586703419685364,0.13534969091415405,0.134375,0.5359375,2.8784003066378248e-05,,
1076,10760,0.15952304899692535,0.056955411285161975,0.10256763696670532,0.1159279316663742,0.1828125,0.4546875,2.8784003066378248e-05,,
1077,10770,0.18906769454479216,0.06921792216598988,0.11984977126121521,0.12260991036891937,0.1546875,0.521875,2.708967920021202e-05,,
1078,10780,0.1474262610077858,0.05587448254227638,0.0915517807006836,0.12707706093788146,0.1484375,0.5015625,2.708967920021202e-05,,
1079,10790,0.17828120440244674,0.06699320822954177,0.11128799915313721,0.12887996509671212,0.146875,0.53125,2.708967920021202e-05,,
1080,10800,0.17697910889983176,0.06884173788130284,0.10813736915588379,0.1191625453531742,0.1421875,0.5046875,2.708967920021202e-05,0.7502598102331753,0.6119547346036633
1081,10810,0.1649940401315689,0.05872248075902462,0.10627155900001525,0.1165609523653984,0.1640625,0.4890625,2.5447270110570818e-05,,
1082,10820,0.18263864070177077,0.06248425841331482,0.12015438079833984,0.11795330122113228,0.175,0.4890625,2.5447270110570818e-05,,
1083,10830,0.1751337468624115,0.06443477421998978,0.11069897413253785,0.1072797492146492,0.1578125,0.484375,2.5447270110570818e-05,,
1084,10840,0.1645854540169239,0.06094558238983154,0.1036398708820343,0.1277458332479,0.1734375,0.49375,2.5447270110570818e-05,,
1085,10850,0.15836576893925666,0.06343811601400376,0.09492765069007873,0.12102137580513954,0.16875,0.50625,2.3856955906119732e-05,,
1086,10860,0.18884726315736772,0.07839721739292145,0.11045004725456238,0.12382774949073791,0.1671875,0.5234375,2.3856955906119732e-05,,
1087,10870,0.1782450869679451,0.06260634027421474,0.1156387448310852,0.12059114053845406,0.1421875,0.5203125,2.3856955906119732e-05,,
1088,10880,0.17144760191440583,0.06100115664303303,0.11044644713401794,0.12142682671546937,0.1828125,0.5140625,2.3856955906119732e-05,,
1089,10890,0.18978069573640824,0.06405801139771938,0.1257226824760437,0.1183982364833355,0.15,0.496875,2.2318910982732418e-05,,
1090,10900,0.16737286150455474,0.05539213642477989,0.1119807243347168,0.11762284114956856,0.2,0.4984375,2.2318910982732418e-05,,
1091,10910,0.21067553162574768,0.07248699814081191,0.13818853497505187,0.10354477167129517,0.1546875,0.453125,2.2318910982732418e-05,,
1092,10920,0.18448236286640168,0.06400646194815636,0.12047590017318725,0.12286538481712342,0.1359375,0.5203125,2.2318910982732418e-05,,
1093,10930,0.17063919752836226,0.06359981261193752,0.10703938603401184,0.12400686740875244,0.134375,0.5046875,2.0833304004366946e-05,,
1094,10940,0.19252795726060867,0.06713136322796345,0.12539659142494203,0.12934345975518227,0.171875,0.5265625,2.0833304004366946e-05,,
1095,10950,0.18107480853796004,0.06487975865602494,0.11619505286216736,0.11967885196208954,0.1734375,0.4859375,2.0833304004366946e-05,,
1096,10960,0.1856650307774544,0.06622843556106091,0.1194365918636322,0.11906177625060081,0.175,0.478125,2.0833304004366946e-05,,
1097,10970,0.17716954201459884,0.06538229025900363,0.11178725361824035,0.11685155406594276,0.175,0.4765625,1.9400297884569785e-05,,
1098,10980,0.19012256115674972,0.07349028289318085,0.11663227677345275,0.1190135695040226,0.14375,0.49375,1.9400297884569785e-05,,
1099,10990,0.18376513868570327,0.06324507892131806,0.12052006125450135,0.12047031745314599,0.171875,0.5125,1.9400297884569785e-05,,
1100,11000,0.18440297842025757,0.06363777592778205,0.12076520323753356,0.12036518678069115,0.1671875,0.5234375,1.9400297884569785e-05,,
1101,11010,0.16163659393787383,0.05837831124663353,0.10325828194618225,0.11831951066851616,0.1625,0.5109375,1.8020049768610386e-05,,
1102,11020,0.1586063861846924,0.056232975050807,0.1023734152317047,0.12048638612031937,0.1546875,0.4625,1.8020049768610386e-05,,
1103,11030,0.16613701581954957,0.0572256188839674,0.1089114010334015,0.11158858090639115,0.18125,0.453125,1.8020049768610386e-05,,
1104,11040,0.18071785420179368,0.07436762787401677,0.10635022521018982,0.12457225173711776,0.171875,0.525,1.8020049768610386e-05,,
1105,11050,0.16454217582941055,0.05787273794412613,0.10666943788528442,0.1196855790913105,0.1859375,0.5015625,1.6692711016248786e-05,,
1106,11060,0.16613121181726456,0.05952636301517487,0.10660485029220582,0.11618477553129196,0.1546875,0.4890625,1.6692711016248786e-05,,
1107,11070,0.17768486589193344,0.06497029066085816,0.11271457672119141,0.11831465512514114,0.1828125,0.484375,1.6692711016248786e-05,,
1108,11080,0.15315516889095307,0.05239531211555004,0.1007598578929901,0.1148377701640129,0.178125,0.471875,1.6692711016248786e-05,,
1109,11090,0.17581466138362883,0.06308832317590714,0.1127263367176056,0.1174272783100605,0.190625,0.4765625,1.541842718513684e-05,,
1110,11100,0.178100398927927,0.06429211311042309,0.11380828619003296,0.11566286385059357,0.1640625,0.4890625,1.541842718513684e-05,,
1111,11110,0.18382890224456788,0.06816732250154019,0.11566157937049866,0.11927926018834115,0.153125,0.503125,1.541842718513684e-05,,
1112,11120,0.14604633897542954,0.05186273828148842,0.09418359994888306,0.11969243064522743,0.1703125,0.478125,1.541842718513684e-05,,
1113,11130,0.19687821716070175,0.07184757106006145,0.12503064870834352,0.11789102256298065,0.1625,0.490625,1.4197338014856439e-05,,
1114,11140,0.16787512898445128,0.06524186693131924,0.10263326168060302,0.1259227491915226,0.1515625,0.5046875,1.4197338014856439e-05,,
1115,11150,0.1817336231470108,0.07043303325772285,0.11130058765411377,0.11860239282250404,0.1703125,0.5046875,1.4197338014856439e-05,,
1116,11160,0.16349780261516572,0.06085304915904999,0.10264475345611572,0.12031199932098388,0.15625,0.4984375,1.4197338014856439e-05,,
1117,11170,0.17811373323202134,0.06307590305805207,0.11503782868385315,0.11804074496030807,0.1609375,0.5078125,1.3029577411595715e-05,,
1118,11180,0.17323202714323999,0.06550247855484485,0.10772954821586608,0.11683511286973954,0.16875,0.4890625,1.3029577411595715e-05,,
1119,11190,0.17276839464902877,0.06836330108344554,0.1044050931930542,0.12361462339758873,0.15,0.5078125,1.3029577411595715e-05,,
1120,11200,0.15779573172330857,0.05439120978116989,0.10340452194213867,0.12412021979689598,0.15,0.503125,1.3029577411595715e-05,0.7533920574161439,0.6150542149376822
1121,11210,0.16509145200252534,0.0586441770195961,0.1064472734928131,0.11676971912384033,0.1609375,0.484375,1.1915273433464115e-05,,
1122,11220,0.1835361212491989,0.06603344269096852,0.11750267744064331,0.12590879797935486,0.15,0.5140625,1.1915273433464115e-05,,
1123,11230,0.16696560457348825,0.0628039788454771,0.10416162610054017,0.130321391671896,0.15625,0.53125,1.1915273433464115e-05,,
1124,11240,0.16649894192814826,0.05891447812318802,0.10758446455001831,0.11155320554971696,0.178125,0.4828125,1.1915273433464115e-05,,
1125,11250,0.1822537824511528,0.06386415921151638,0.11838962435722351,0.11764576062560081,0.1765625,0.50625,1.0854548276449986e-05,,
1126,11260,0.1611778236925602,0.05753849558532238,0.10363932847976684,0.12407051622867585,0.16875,0.5140625,1.0854548276449986e-05,,
1127,11270,0.17334863692522048,0.06775651685893536,0.1055921196937561,0.10960879847407341,0.15625,0.48125,1.0854548276449986e-05,,
1128,11280,0.16029221788048745,0.05735519900918007,0.10293701887130738,0.12262872084975243,0.2015625,0.4890625,1.0854548276449986e-05,,
1129,11290,0.16925278007984162,0.061623231321573255,0.10762954950332641,0.1175456129014492,0.1546875,0.5046875,9.847518261020041e-06,,
1130,11300,0.17111519873142242,0.06121105290949345,0.10990414619445801,0.12038822993636131,0.1640625,0.496875,9.847518261020041e-06,,
1131,11310,0.19335439652204514,0.0761741753667593,0.11718022227287292,0.1310477115213871,0.1359375,0.5375,9.847518261020041e-06,,
1132,11320,0.18347617015242576,0.07137702591717243,0.11209914684295655,0.11723719611763954,0.171875,0.48125,9.847518261020041e-06,,
1133,11330,0.18182303458452226,0.07484156265854836,0.10698147416114807,0.12732593715190887,0.146875,0.5171875,8.894293819363682e-06,,
1134,11340,0.17541333436965942,0.06719167344272137,0.10822166204452514,0.11655347943305969,0.16875,0.5109375,8.894293819363682e-06,,
1135,11350,0.18182288557291032,0.06734876595437526,0.11447411775588989,0.10728460401296616,0.1609375,0.4703125,8.894293819363682e-06,,
1136,11360,0.1802312195301056,0.06713261865079403,0.11309860348701477,0.11975184455513954,0.1671875,0.49375,8.894293819363682e-06,,
1137,11370,0.1785422220826149,0.07043036371469498,0.10811185836791992,0.13117177337408065,0.140625,0.5234375,7.994979483282762e-06,,
1138,11380,0.17897694781422616,0.06375779658555984,0.11521915197372437,0.1188758060336113,0.178125,0.5015625,7.994979483282762e-06,,
1139,11390,0.153247731924057,0.05820288993418217,0.09504483938217163,0.12350152134895324,0.1328125,0.5046875,7.994979483282762e-06,,
1140,11400,0.1699830025434494,0.06236975379288197,0.10761324763298034,0.11583214327692985,0.1671875,0.5109375,7.994979483282762e-06,,
1141,11410,0.18342825621366501,0.06811300069093704,0.1153152585029602,0.12535238191485404,0.15,0.5109375,7.14967387272874e-06,,
1142,11420,0.17699992656707764,0.07030017152428628,0.10669975280761719,0.12446674779057502,0.1453125,0.490625,7.14967387272874e-06,,
1143,11430,0.17885692343115805,0.07273062728345395,0.10612629652023316,0.12071134448051453,0.1734375,0.4984375,7.14967387272874e-06,,
1144,11440,0.17799303233623504,0.06448544412851334,0.1135075867176056,0.12571934014558792,0.1375,0.5125,7.14967387272874e-06,,
1145,11450,0.1720916897058487,0.06017257124185562,0.11191911697387695,0.1147671438753605,0.1859375,0.478125,6.358469684987329e-06,,
1146,11460,0.183198980987072,0.06422487497329712,0.118974107503891,0.11987665742635727,0.1796875,0.490625,6.358469684987329e-06,,
1147,11470,0.16735285222530366,0.0629625953733921,0.1043902575969696,0.12231445163488389,0.1703125,0.4984375,6.358469684987329e-06,,
1148,11480,0.15485541969537736,0.05804512575268746,0.09681029319763183,0.1265724629163742,0.1453125,0.521875,6.358469684987329e-06,,
1149,11490,0.19050373136997223,0.067206259816885,0.12329747080802918,0.11423227488994599,0.16875,0.4828125,5.621453684513923e-06,,
1150,11500,0.1518690586090088,0.053490609675645825,0.09837844967842102,0.11635654792189598,0.1953125,0.4859375,5.621453684513923e-06,,
1151,11510,0.16790749728679658,0.05984744094312191,0.10806005597114562,0.11275559738278389,0.175,0.4765625,5.621453684513923e-06,,
1152,11520,0.15672854334115982,0.05398974865674973,0.10273879170417785,0.10938471183180809,0.1609375,0.45625,5.621453684513923e-06,,
1153,11530,0.17799418717622756,0.06882976070046425,0.1091644287109375,0.1126353956758976,0.175,0.475,4.938706693418357e-06,,
1154,11540,0.16683771908283235,0.05931093245744705,0.10752678513526917,0.11582566648721696,0.15625,0.5015625,4.938706693418357e-06,,
1155,11550,0.18467827141284943,0.0682275090366602,0.11645076274871827,0.12483894005417824,0.159375,0.521875,4.938706693418357e-06,,
1156,11560,0.16243736892938615,0.05830933637917042,0.10412803292274475,0.11418531462550163,0.1984375,0.471875,4.938706693418357e-06,,
1157,11570,0.15774708837270737,0.05878262519836426,0.09896446466445923,0.11921087428927421,0.1671875,0.4890625,4.310303582601976e-06,,
1158,11580,0.16116836667060852,0.05524614080786705,0.10592222809791565,0.10847890153527259,0.175,0.4640625,4.310303582601976e-06,,
1159,11590,0.18407894372940065,0.07615183666348457,0.10792710781097412,0.12580454275012015,0.1546875,0.5265625,4.310303582601976e-06,,
1160,11600,0.18345037698745728,0.0658535648137331,0.11759681105613709,0.12378838583827019,0.140625,0.521875,4.310303582601976e-06,0.7477027198429683,0.6071000405327446
1161,11610,0.1590062938630581,0.057838262245059016,0.10116803050041198,0.11893646568059921,0.153125,0.4828125,3.736313263547492e-06,,
1162,11620,0.17952671349048616,0.06293958500027656,0.1165871262550354,0.11817726418375969,0.15625,0.509375,3.736313263547492e-06,,
1163,11630,0.18904370218515396,0.06999679245054721,0.11904690861701965,0.119175373762846,0.1609375,0.4875,3.736313263547492e-06,,
1164,11640,0.16944223865866662,0.0651111625134945,0.10433107614517212,0.1268167279660702,0.159375,0.5078125,3.736313263547492e-06,,
1165,11650,0.18140190839767456,0.06723501719534397,0.11416689157485962,0.12541528567671775,0.1625,0.496875,3.2167986807615425e-06,,
1166,11660,0.1681416980922222,0.06100022681057453,0.10714147090911866,0.12361350283026695,0.16875,0.4921875,3.2167986807615425e-06,,
1167,11670,0.17731338143348693,0.061848442628979684,0.11546493768692016,0.12832193002104758,0.15,0.5359375,3.2167986807615425e-06,,
1168,11680,0.16917022466659545,0.059145842865109446,0.11002438068389893,0.12117334306240082,0.134375,0.5265625,3.2167986807615425e-06,,
1169,11690,0.16551971137523652,0.06492424756288528,0.10059546232223511,0.11581009700894355,0.1609375,0.46875,2.7518168048725676e-06,,
1170,11700,0.1756429322063923,0.06993758641183376,0.10570534467697143,0.1291781634092331,0.1734375,0.5078125,2.7518168048725676e-06,,
1171,11710,0.1753768339753151,0.060272786393761636,0.11510404944419861,0.11460023149847984,0.1484375,0.484375,2.7518168048725676e-06,,
1172,11720,0.1792813792824745,0.06308126598596572,0.11620011329650878,0.12157280966639519,0.1515625,0.4953125,2.7518168048725676e-06,,
1173,11730,0.20451871752738954,0.07865992821753025,0.1258587896823883,0.11567108631134033,0.1859375,0.49375,2.3414186263831814e-06,,
1174,11740,0.18147870451211928,0.06506669595837593,0.1164120078086853,0.12205623239278793,0.1765625,0.5109375,2.3414186263831814e-06,,
1175,11750,0.16331622377038002,0.05998430661857128,0.10333191752433776,0.11567893326282501,0.1625,0.5109375,2.3414186263831814e-06,,
1176,11760,0.19099890142679216,0.07048007138073445,0.12051882743835449,0.12469258010387421,0.1640625,0.525,2.3414186263831814e-06,,
1177,11770,0.1769113227725029,0.06315222904086112,0.11375909447669982,0.1182350605726242,0.1640625,0.5109375,1.9856491500783564e-06,,
1178,11780,0.1940237060189247,0.06330971121788025,0.13071399331092834,0.12122167348861694,0.1484375,0.509375,1.9856491500783564e-06,,
1179,11790,0.18767835348844528,0.0659998118877411,0.12167854309082031,0.1103265218436718,0.171875,0.478125,1.9856491500783564e-06,,
1180,11800,0.17204430997371672,0.06526883356273175,0.10677547454833984,0.12008940801024437,0.15,0.5234375,1.9856491500783564e-06,,
1181,11810,0.18540340960025786,0.06497181989252568,0.12043159008026123,0.12559066712856293,0.1609375,0.5359375,1.6845473900903703e-06,,
1182,11820,0.16312753036618233,0.06172164604067802,0.10140588283538818,0.11454741507768632,0.1875,0.4890625,1.6845473900903703e-06,,
1183,11830,0.17779904454946518,0.06402560360729695,0.11377344131469727,0.1041814036667347,0.1734375,0.4765625,1.6845473900903703e-06,,
1184,11840,0.17304153591394425,0.06340113878250123,0.10964039564132691,0.13349160626530648,0.1484375,0.5484375,1.6845473900903703e-06,,
1185,11850,0.171404729783535,0.05685543492436409,0.1145492970943451,0.12055726125836372,0.1609375,0.4875,1.4381463656202375e-06,,
1186,11860,0.14574105069041252,0.053306327760219575,0.09243472218513489,0.11545534431934357,0.1546875,0.478125,1.4381463656202375e-06,,
1187,11870,0.17609569430351257,0.06608191393315792,0.11001377701759338,0.12429385855793953,0.1625,0.50625,1.4381463656202375e-06,,
1188,11880,0.1730770543217659,0.06261630021035672,0.11046075224876403,0.12443013042211533,0.1484375,0.54375,1.4381463656202375e-06,,
1189,11890,0.1633777879178524,0.05983700305223465,0.1035407841205597,0.12410714104771614,0.1546875,0.503125,1.2464730973170658e-06,,
1190,11900,0.17568454444408416,0.06390267461538315,0.11178187131881714,0.11254060417413711,0.171875,0.5,1.2464730973170658e-06,,
1191,11910,0.18770087212324144,0.0717127114534378,0.1159881591796875,0.13147906586527824,0.1421875,0.55625,1.2464730973170658e-06,,
1192,11920,0.19367880374193192,0.06952953599393367,0.12414926886558533,0.11708386167883873,0.1625,0.521875,1.2464730973170658e-06,,
1193,11930,0.18042133897542953,0.06297260299324989,0.11744873523712158,0.11405975893139839,0.175,0.478125,1.109548604314673e-06,,
1194,11940,0.16502489373087884,0.05807046815752983,0.106954425573349,0.11556595787405968,0.1625,0.496875,1.109548604314673e-06,,
1195,11950,0.1678231105208397,0.062183039635419844,0.10564007163047791,0.12195085510611534,0.16875,0.4890625,1.109548604314673e-06,,
1196,11960,0.16702805310487748,0.05942123606801033,0.10760681629180908,0.10911080315709114,0.1640625,0.478125,1.109548604314673e-06,,
1197,11970,0.16845115274190903,0.06303561106324196,0.10541554093360901,0.1154615730047226,0.14375,0.48125,1.0273879019266845e-06,,
1198,11980,0.19608819484710693,0.07673606984317302,0.11935212612152099,0.1215807817876339,0.1640625,0.50625,1.0273879019266845e-06,,
1199,11990,0.16764997839927673,0.06164225898683071,0.10600771903991699,0.11859018579125405,0.1578125,0.4890625,1.0273879019266845e-06,,
1200,12000,0.16854355931282045,0.06742063462734223,0.10112292766571045,0.1381295308470726,0.128125,0.5359375,1.0273879019266845e-06,0.744937072725016,0.6027711477195264
